filename,nominal_A,t1_s,label
E001_0150V_01.50A_G001_2023_06_06_Study001_Raw Data.mat,1.4962,0.274,1
E001_0150V_01.50A_G001_2023_06_06_Study002_Raw Data.mat,1.4873,0.2917,1
E001_0150V_01.50A_G002_2023_06_06_Study001_Raw Data.mat,1.4963,0.372,1
E001_0150V_01.50A_G002_2023_06_06_Study002_Raw Data.mat,1.4831,0.3205,1
E001_0150V_01.50A_G003_2023_06_06_Study001_Raw Data.mat,1.4962,0.3726,1
E001_0150V_01.50A_G003_2023_06_06_Study002_Raw Data.mat,1.4867,0.4124,1
E001_0150V_01.50A_G004_2023_06_06_Study001_Raw Data.mat,1.4968,0.251,1
E001_0150V_01.50A_G004_2023_06_06_Study002_Raw Data.mat,1.4928,0.2447,1
E001_0150V_01.50A_G005_2023_06_06_Study001_Raw Data.mat,1.4947,0.2913,1
E001_0150V_01.50A_G005_2023_06_06_Study002_Raw Data.mat,1.4916,0.2934,1
E001_0150V_01.50A_G006_2023_06_06_Study001_Raw Data.mat,1.4954,0.3474,1
E001_0150V_01.50A_G006_2023_06_06_Study002_Raw Data.mat,1.4875,0.2886,1
E001_0150V_01.50A_G007_2023_06_06_Study001_Raw Data.mat,1.4959,0.2039,1
E001_0150V_01.50A_G007_2023_06_06_Study002_Raw Data.mat,1.4886,0.2075,1
E001_0150V_01.50A_G008_2023_06_06_Study001_Raw Data.mat,1.4954,0.2086,1
E001_0150V_01.50A_G008_2023_06_06_Study002_Raw Data.mat,1.4866,0.2129,1
E001_0150V_01.50A_G009_2023_06_06_Study001_Raw Data.mat,1.4968,0.2207,1
E001_0150V_01.50A_G009_2023_06_06_Study002_Raw Data.mat,1.4803,0.2247,1
E001_0200V_02.00A_G001_2023_06_06_Study001_Raw Data.mat,2.0075,0.2418,1
E001_0200V_02.00A_G001_2023_06_06_Study002_Raw Data.mat,1.9938,0.2591,1
E001_0200V_02.00A_G002_2023_06_06_Study001_Raw Data.mat,2.0075,0.281,1
E001_0200V_02.00A_G002_2023_06_06_Study002_Raw Data.mat,1.9987,0.2993,1
E001_0200V_02.00A_G003_2023_06_06_Study001_Raw Data.mat,1.9898,0.4027,1
E001_0200V_02.00A_G003_2023_06_06_Study002_Raw Data.mat,1.9904,0.4661,1
E001_0200V_02.00A_G004_2023_06_06_Study001_Raw Data.mat,1.9955,0.2511,1
E001_0200V_02.00A_G004_2023_06_06_Study002_Raw Data.mat,1.9889,0.2619,1
E001_0200V_02.00A_G005_2023_06_06_Study001_Raw Data.mat,1.9926,0.2976,1
E001_0200V_02.00A_G005_2023_06_06_Study002_Raw Data.mat,1.9868,0.3544,1
E001_0200V_02.00A_G006_2023_06_06_Study001_Raw Data.mat,2.0068,0.3221,1
E001_0200V_02.00A_G006_2023_06_06_Study002_Raw Data.mat,1.9904,0.3648,1
E001_0200V_02.00A_G007_2023_06_06_Study001_Raw Data.mat,1.993,0.2331,1
E001_0200V_02.00A_G007_2023_06_06_Study002_Raw Data.mat,2.0044,0.2259,1
E001_0200V_02.00A_G008_2023_06_06_Study001_Raw Data.mat,1.9971,0.2579,1
E001_0200V_02.00A_G008_2023_06_06_Study002_Raw Data.mat,1.9956,0.274,1
E001_0200V_02.00A_G009_2023_06_06_Study001_Raw Data.mat,1.9947,0.3101,1
E001_0200V_02.00A_G009_2023_06_06_Study002_Raw Data.mat,1.988,0.353,1
E001_0250V_02.50A_G001_2023_06_06_Study001_Raw Data.mat,2.5103,0.3298,1
E001_0250V_02.50A_G001_2023_06_06_Study002_Raw Data.mat,2.4993,0.3052,1
E001_0250V_02.50A_G002_2023_06_06_Study001_Raw Data.mat,2.5045,0.4003,1
E001_0250V_02.50A_G002_2023_06_06_Study002_Raw Data.mat,2.49,0.4358,1
E001_0250V_02.50A_G003_2023_06_06_Study001_Raw Data.mat,2.4953,0.4948,1
E001_0250V_02.50A_G003_2023_06_06_Study002_Raw Data.mat,2.4924,0.5025,1
E001_0250V_02.50A_G004_2023_06_06_Study001_Raw Data.mat,2.4923,0.2798,1
E001_0250V_02.50A_G004_2023_06_06_Study002_Raw Data.mat,2.494,0.2768,1
E001_0250V_02.50A_G005_2023_06_06_Study001_Raw Data.mat,2.5092,0.2906,1
E001_0250V_02.50A_G005_2023_06_06_Study002_Raw Data.mat,2.4985,0.3256,1
E001_0250V_02.50A_G006_2023_06_06_Study001_Raw Data.mat,2.4965,0.3657,1
E001_0250V_02.50A_G006_2023_06_06_Study002_Raw Data.mat,2.4968,0.3754,1
E001_0250V_02.50A_G007_2023_06_06_Study001_Raw Data.mat,2.505,0.2426,1
E001_0250V_02.50A_G007_2023_06_06_Study002_Raw Data.mat,2.4975,0.2547,1
E001_0250V_02.50A_G008_2023_06_06_Study001_Raw Data.mat,2.4994,0.2808,1
E001_0250V_02.50A_G008_2023_06_06_Study002_Raw Data.mat,2.4972,0.2982,1
E001_0250V_02.50A_G009_2023_06_06_Study001_Raw Data.mat,2.5107,0.334,1
E001_0250V_02.50A_G009_2023_06_06_Study002_Raw Data.mat,2.5054,0.3494,1
E001_0250V_02.50A_G010_2023_06_06_Study001_Raw Data.mat,2.513,0.2426,1
E001_0250V_02.50A_G010_2023_06_06_Study002_Raw Data.mat,2.5041,0.2488,1
E001_0250V_02.50A_G011_2023_06_06_Study001_Raw Data.mat,2.5127,0.26,1
E001_0250V_02.50A_G011_2023_06_06_Study002_Raw Data.mat,2.5087,0.2698,1
E001_0250V_02.50A_G012_2023_06_06_Study001_Raw Data.mat,2.5123,0.2982,1
E001_0250V_02.50A_G012_2023_06_06_Study002_Raw Data.mat,2.4747,0.3273,1
E001_0300V_03.00A_G001_2023_06_06_Study001_Raw Data.mat,2.981,0.3653,1
E001_0300V_03.00A_G002_2023_06_06_Study001_Raw Data.mat,2.9976,0.388,1
E001_0300V_03.00A_G002_2023_06_06_Study002_Raw Data.mat,3.003,0.3614,1
E001_0300V_03.00A_G003_2023_06_06_Study001_Raw Data.mat,2.9881,0.6274,1
E001_0300V_03.00A_G004_2023_06_06_Study001_Raw Data.mat,3.0147,0.2451,1
E001_0300V_03.00A_G004_2023_06_06_Study002_Raw Data.mat,3.0034,0.2751,1
E001_0300V_03.00A_G005_2023_06_06_Study001_Raw Data.mat,3.0003,0.3336,1
E001_0300V_03.00A_G005_2023_06_06_Study002_Raw Data.mat,2.9982,0.3342,1
E001_0300V_03.00A_G006_2023_06_06_Study001_Raw Data.mat,3.0179,0.3289,1
E001_0300V_03.00A_G006_2023_06_06_Study002_Raw Data.mat,2.9786,0.4646,1
E001_0300V_03.00A_G007_2023_06_06_Study001_Raw Data.mat,3.0029,0.2547,1
E001_0300V_03.00A_G007_2023_06_06_Study002_Raw Data.mat,3.0008,0.252,1
E001_0300V_03.00A_G008_2023_06_06_Study001_Raw Data.mat,3.0173,0.2791,1
E001_0300V_03.00A_G008_2023_06_06_Study002_Raw Data.mat,3.0038,0.3047,1
E001_0300V_03.00A_G009_2023_06_06_Study001_Raw Data.mat,3.0048,0.3631,1
E001_0300V_03.00A_G009_2023_06_06_Study002_Raw Data.mat,3.0047,0.3657,1
E001_0300V_03.00A_G010_2023_06_06_Study001_Raw Data.mat,3.0129,0.2424,1
E001_0300V_03.00A_G010_2023_06_06_Study002_Raw Data.mat,3.0121,0.246,1
E001_0300V_03.00A_G011_2023_06_06_Study001_Raw Data.mat,3.0161,0.2829,1
E001_0300V_03.00A_G011_2023_06_06_Study002_Raw Data.mat,3.0093,0.3009,1
E001_0300V_03.00A_G012_2023_06_06_Study001_Raw Data.mat,3.0144,0.3212,1
E001_0300V_03.00A_G012_2023_06_06_Study002_Raw Data.mat,3.0098,0.3508,1
E001_0300V_03.00A_G013_2023_06_06_Study001_Raw Data.mat,3.0181,0.2284,1
E001_0300V_03.00A_G013_2023_06_06_Study002_Raw Data.mat,3.0083,0.2338,1
E001_0300V_03.00A_G014_2023_06_06_Study001_Raw Data.mat,3.0199,0.2381,1
E001_0300V_03.00A_G014_2023_06_06_Study002_Raw Data.mat,3.0134,0.243,1
E001_0300V_03.00A_G015_2023_06_06_Study001_Raw Data.mat,3.0112,0.2732,1
E001_0300V_03.00A_G015_2023_06_06_Study002_Raw Data.mat,3.009,0.289,1
E001_0350V_03.50A_G001_2023_06_07_Study001_Raw Data.mat,3.5163,0.3797,1
E001_0350V_03.50A_G001_2023_06_07_Study002_Raw Data.mat,3.513,0.4408,1
E001_0350V_03.50A_G002_2023_06_07_Study001_Raw Data.mat,3.5045,0.6808,1
E001_0350V_03.50A_G002_2023_06_07_Study002_Raw Data.mat,3.4787,0.8663,1
E001_0350V_03.50A_G003_2023_06_07_Study001_Raw Data.mat,3.5062,0.9187,1
E001_0350V_03.50A_G003_2023_06_07_Study002_Raw Data.mat,3.4808,1.3119,1
E001_0350V_03.50A_G004_2023_06_07_Study001_Raw Data.mat,3.5221,0.3532,1
E001_0350V_03.50A_G004_2023_06_07_Study002_Raw Data.mat,3.5185,0.3416,1
E001_0350V_03.50A_G005_2023_06_07_Study001_Raw Data.mat,3.5216,0.4245,1
E001_0350V_03.50A_G005_2023_06_07_Study002_Raw Data.mat,3.4773,0.5511,1
E001_0350V_03.50A_G006_2023_06_07_Study001_Raw Data.mat,3.5197,0.5007,1
E001_0350V_03.50A_G006_2023_06_07_Study002_Raw Data.mat,3.4864,0.7043,1
E001_0350V_03.50A_G007_2023_06_07_Study001_Raw Data.mat,3.5222,0.2744,1
E001_0350V_03.50A_G007_2023_06_07_Study002_Raw Data.mat,3.5109,0.2971,1
E001_0350V_03.50A_G008_2023_06_07_Study001_Raw Data.mat,3.5152,0.3091,1
E001_0350V_03.50A_G008_2023_06_07_Study002_Raw Data.mat,3.4774,0.4198,1
E001_0350V_03.50A_G009_2023_06_07_Study001_Raw Data.mat,3.5186,0.3716,1
E001_0350V_03.50A_G010_2023_06_07_Study001_Raw Data.mat,3.5207,0.2926,1
E001_0350V_03.50A_G010_2023_06_07_Study002_Raw Data.mat,3.521,0.2731,1
E001_0350V_03.50A_G011_2023_06_07_Study001_Raw Data.mat,3.5222,0.3365,1
E001_0350V_03.50A_G011_2023_06_07_Study002_Raw Data.mat,3.5219,0.3183,1
E001_0350V_03.50A_G012_2023_06_07_Study001_Raw Data.mat,3.5233,0.3707,1
E001_0350V_03.50A_G012_2023_06_07_Study002_Raw Data.mat,3.5134,0.4045,1
E001_0350V_03.50A_G013_2023_06_08_Study001_Raw Data.mat,3.5176,0.2362,1
E001_0350V_03.50A_G013_2023_06_08_Study002_Raw Data.mat,3.5027,0.2429,1
E001_0350V_03.50A_G014_2023_06_08_Study001_Raw Data.mat,3.5124,0.2615,1
E001_0350V_03.50A_G014_2023_06_08_Study002_Raw Data.mat,3.5089,0.2827,1
E001_0350V_03.50A_G015_2023_06_08_Study001_Raw Data.mat,3.5174,0.299,1
E001_0350V_03.50A_G015_2023_06_08_Study002_Raw Data.mat,3.5084,0.3333,1
E001_0350V_03.50A_G016_2023_06_08_Study001_Raw Data.mat,3.5216,0.2296,1
E001_0350V_03.50A_G016_2023_06_08_Study002_Raw Data.mat,3.5204,0.2348,1
E001_0350V_03.50A_G017_2023_06_08_Study001_Raw Data.mat,3.5198,0.2716,1
E001_0350V_03.50A_G017_2023_06_08_Study002_Raw Data.mat,3.5145,0.279,1
E001_0350V_03.50A_G018_2023_06_08_Study001_Raw Data.mat,3.5148,0.2999,1
E001_0350V_03.50A_G018_2023_06_08_Study002_Raw Data.mat,3.5135,0.3154,1
E001_0400V_04.00A_G001_2023_06_08_Study001_Raw Data.mat,4.0192,0.4723,1
E001_0400V_04.00A_G001_2023_06_08_Study002_Raw Data.mat,3.9005,,0
E001_0400V_04.00A_G002_2023_06_08_Study001_Raw Data.mat,3.9725,,0
E001_0400V_04.00A_G002_2023_06_08_Study002_Raw Data.mat,3.98,1.1502,1
E001_0400V_04.00A_G003_2023_06_08_Study001_Raw Data.mat,4.0165,1.1847,1
E001_0400V_04.00A_G004_2023_06_08_Study001_Raw Data.mat,4.0222,0.4565,1
E001_0400V_04.00A_G004_2023_06_08_Study002_Raw Data.mat,4.0199,0.3426,1
E001_0400V_04.00A_G005_2023_06_08_Study001_Raw Data.mat,3.9801,0.6914,1
E001_0400V_04.00A_G005_2023_06_08_Study002_Raw Data.mat,3.98,0.715,1
E001_0400V_04.00A_G006_2023_06_08_Study001_Raw Data.mat,3.9785,0.8936,1
E001_0400V_04.00A_G006_2023_06_08_Study002_Raw Data.mat,3.978,0.7394,1
E001_0400V_04.00A_G007_2023_06_08_Study001_Raw Data.mat,4.0202,0.3026,1
E001_0400V_04.00A_G007_2023_06_08_Study002_Raw Data.mat,3.9826,0.3657,1
E001_0400V_04.00A_G008_2023_06_08_Study001_Raw Data.mat,4.024,0.3513,1
E001_0400V_04.00A_G008_2023_06_08_Study002_Raw Data.mat,4.0213,0.3627,1
E001_0400V_04.00A_G009_2023_06_08_Study001_Raw Data.mat,4.0114,0.5302,1
E001_0400V_04.00A_G009_2023_06_08_Study002_Raw Data.mat,3.9777,0.638,1
E001_0400V_04.00A_G010_2023_06_08_Study002_Raw Data.mat,4.0166,0.2723,1
E001_0400V_04.00A_G011_2023_06_08_Study002_Raw Data.mat,4.024,0.3234,1
E001_0400V_04.00A_G012_2023_06_08_Study001_Raw Data.mat,4.0221,0.4349,1
E001_0400V_04.00A_G012_2023_06_08_Study002_Raw Data.mat,4.0112,0.4644,1
E001_0400V_04.00A_G013_2023_06_08_Study001_Raw Data.mat,4.018,0.2491,1
E001_0400V_04.00A_G013_2023_06_08_Study002_Raw Data.mat,4.0217,0.2633,1
E001_0400V_04.00A_G014_2023_06_08_Study001_Raw Data.mat,4.0118,0.3271,1
E001_0400V_04.00A_G014_2023_06_08_Study002_Raw Data.mat,4.0166,0.3184,1
E001_0400V_04.00A_G015_2023_06_08_Study001_Raw Data.mat,4.0037,0.4,1
E001_0400V_04.00A_G015_2023_06_08_Study002_Raw Data.mat,3.9864,0.4535,1
E001_0400V_04.00A_G016_2023_06_08_Study001_Raw Data.mat,4.0205,0.2887,1
E001_0400V_04.00A_G016_2023_06_08_Study002_Raw Data.mat,4.0182,0.2745,1
E001_0400V_04.00A_G017_2023_06_08_Study001_Raw Data.mat,4.0216,0.3085,1
E001_0400V_04.00A_G017_2023_06_08_Study002_Raw Data.mat,4.0122,0.313,1
E001_0400V_04.00A_G018_2023_06_08_Study001_Raw Data.mat,4.0222,0.3324,1
E001_0400V_04.00A_G018_2023_06_08_Study002_Raw Data.mat,4.0093,0.3745,1
E001_0400V_04.00A_G019_2023_06_08_Study001_Raw Data.mat,4.0165,0.2639,1
E001_0400V_04.00A_G019_2023_06_08_Study002_Raw Data.mat,4.0173,0.2465,1
E001_0400V_04.00A_G020_2023_06_08_Study001_Raw Data.mat,4.0193,0.2687,1
E001_0400V_04.00A_G020_2023_06_08_Study002_Raw Data.mat,4.0127,0.2948,1
E001_0400V_04.00A_G021_2023_06_08_Study001_Raw Data.mat,4.0212,0.3312,1
E001_0400V_04.00A_G021_2023_06_08_Study002_Raw Data.mat,4.0067,0.3663,1
E001_0450V_04.50A_G001_2023_06_08_Study001_Raw Data.mat,4.5255,0.643,1
E001_0450V_04.50A_G001_2023_06_08_Study002_Raw Data.mat,4.5097,,0
E001_0450V_04.50A_G002_2023_06_08_Study001_Raw Data.mat,4.5071,,0
E001_0450V_04.50A_G002_2023_06_08_Study002_Raw Data.mat,4.4894,,0
E001_0450V_04.50A_G003_2023_06_08_Study001_Raw Data.mat,4.5165,,0
E001_0450V_04.50A_G003_2023_06_08_Study002_Raw Data.mat,4.4959,,0
E001_0450V_04.50A_G004_2023_06_08_Study002_Raw Data.mat,4.5287,0.388,1
E001_0450V_04.50A_G005_2023_06_08_Study001_Raw Data.mat,4.5216,0.6568,1
E001_0450V_04.50A_G005_2023_06_08_Study002_Raw Data.mat,4.4843,1.0468,1
E001_0450V_04.50A_G006_2023_06_08_Study001_Raw Data.mat,4.5298,0.7643,1
E001_0450V_04.50A_G006_2023_06_08_Study002_Raw Data.mat,4.5306,0.8086,1
E001_0450V_04.50A_G007_2023_06_08_Study001_Raw Data.mat,4.5264,0.348,1
E001_0450V_04.50A_G007_2023_06_08_Study002_Raw Data.mat,4.5276,0.3379,1
E001_0450V_04.50A_G008_2023_06_08_Study001_Raw Data.mat,4.5245,0.4843,1
E001_0450V_04.50A_G008_2023_06_08_Study002_Raw Data.mat,4.5128,0.5489,1
E001_0450V_04.50A_G009_2023_06_08_Study001_Raw Data.mat,4.5174,0.7204,1
E001_0450V_04.50A_G009_2023_06_08_Study002_Raw Data.mat,4.52,0.6605,1
E001_0450V_04.50A_G010_2023_06_08_Study001_Raw Data.mat,4.529,0.3511,1
E001_0450V_04.50A_G010_2023_06_08_Study002_Raw Data.mat,4.5174,0.3341,1
E001_0450V_04.50A_G011_2023_06_08_Study001_Raw Data.mat,4.5285,0.3637,1
E001_0450V_04.50A_G011_2023_06_08_Study002_Raw Data.mat,4.5307,0.4081,1
E001_0450V_04.50A_G012_2023_06_08_Study001_Raw Data.mat,4.5278,0.5407,1
E001_0450V_04.50A_G012_2023_06_08_Study002_Raw Data.mat,4.5069,0.5964,1
E001_0450V_04.50A_G013_2023_06_08_Study001_Raw Data.mat,4.5281,0.3015,1
E001_0450V_04.50A_G013_2023_06_08_Study002_Raw Data.mat,4.5288,0.2946,1
E001_0450V_04.50A_G014_2023_06_08_Study001_Raw Data.mat,4.5292,0.3553,1
E001_0450V_04.50A_G014_2023_06_08_Study002_Raw Data.mat,4.4911,0.4861,1
E001_0450V_04.50A_G015_2023_06_08_Study001_Raw Data.mat,4.5278,0.3947,1
E001_0450V_04.50A_G015_2023_06_08_Study002_Raw Data.mat,4.4823,0.5647,1
E001_0450V_04.50A_G016_2023_06_08_Study001_Raw Data.mat,4.5285,0.3079,1
E001_0450V_04.50A_G016_2023_06_08_Study002_Raw Data.mat,4.524,0.3091,1
E001_0450V_04.50A_G017_2023_06_08_Study001_Raw Data.mat,4.5255,0.3552,1
E001_0450V_04.50A_G017_2023_06_08_Study002_Raw Data.mat,4.525,0.3581,1
E001_0450V_04.50A_G018_2023_06_08_Study001_Raw Data.mat,4.5311,0.4143,1
E001_0450V_04.50A_G018_2023_06_08_Study002_Raw Data.mat,4.5102,0.4525,1
E001_0450V_04.50A_G019_2023_07_10_Study001_Raw Data.mat,4.5241,0.2804,1
E001_0450V_04.50A_G019_2023_07_10_Study002_Raw Data.mat,4.5232,0.2757,1
E001_0450V_04.50A_G020_2023_07_10_Study001_Raw Data.mat,4.5281,0.2967,1
E001_0450V_04.50A_G020_2023_07_10_Study002_Raw Data.mat,4.5255,0.309,1
E001_0450V_04.50A_G021_2023_07_10_Study001_Raw Data.mat,4.5309,0.3642,1
E001_0450V_04.50A_G021_2023_07_10_Study002_Raw Data.mat,4.5269,0.3776,1
E001_0450V_04.50A_G022_2023_07_10_Study001_Raw Data.mat,4.527,0.2659,1
E001_0450V_04.50A_G022_2023_07_10_Study002_Raw Data.mat,4.5189,0.2635,1
E001_0450V_04.50A_G023_2023_07_10_Study001_Raw Data.mat,4.533,0.294,1
E001_0450V_04.50A_G023_2023_07_10_Study002_Raw Data.mat,4.5315,0.3079,1
E001_0450V_04.50A_G024_2023_07_10_Study001_Raw Data.mat,4.5343,0.3446,1
E001_0450V_04.50A_G024_2023_07_10_Study002_Raw Data.mat,4.5357,0.3723,1
E001_0500V_05.00A_G001_2023_07_10_Study001_Raw Data.mat,5.0404,,0
E001_0500V_05.00A_G001_2023_07_10_Study002_Raw Data.mat,5.0227,,0
E001_0500V_05.00A_G002_2023_07_10_Study001_Raw Data.mat,5.037,,0
E001_0500V_05.00A_G002_2023_07_10_Study002_Raw Data.mat,5.0051,,0
E001_0500V_05.00A_G003_2023_07_10_Study001_Raw Data.mat,5.0183,,0
E001_0500V_05.00A_G003_2023_07_10_Study002_Raw Data.mat,5.0198,,0
E001_0500V_05.00A_G004_2023_07_10_Study001_Raw Data.mat,5.0467,0.4748,1
E001_0500V_05.00A_G004_2023_07_10_Study002_Raw Data.mat,5.0344,0.5946,1
E001_0500V_05.00A_G005_2023_07_10_Study001_Raw Data.mat,5.0302,0.938,1
E001_0500V_05.00A_G005_2023_07_10_Study002_Raw Data.mat,5.0098,1.4142,1
E001_0500V_05.00A_G006_2023_07_10_Study001_Raw Data.mat,5.0451,1.3033,1
E001_0500V_05.00A_G007_2023_07_11_Study001_Raw Data.mat,5.0373,0.4209,1
E001_0500V_05.00A_G007_2023_07_11_Study002_Raw Data.mat,5.0319,0.4415,1
E001_0500V_05.00A_G008_2023_07_11_Study001_Raw Data.mat,5.0412,0.6115,1
E001_0500V_05.00A_G008_2023_07_11_Study002_Raw Data.mat,5.0126,0.8581,1
E001_0500V_05.00A_G009_2023_07_11_Study001_Raw Data.mat,5.0414,0.9419,1
E001_0500V_05.00A_G009_2023_07_11_Study002_Raw Data.mat,5.0308,1.2291,1
E001_0500V_05.00A_G010_2023_07_11_Study001_Raw Data.mat,5.0426,0.3442,1
E001_0500V_05.00A_G010_2023_07_11_Study002_Raw Data.mat,5.0403,0.357,1
E001_0500V_05.00A_G011_2023_07_11_Study001_Raw Data.mat,5.0445,0.5111,1
E001_0500V_05.00A_G011_2023_07_11_Study002_Raw Data.mat,5.0325,0.5222,1
E001_0500V_05.00A_G012_2023_07_11_Study001_Raw Data.mat,5.0429,0.7638,1
E001_0500V_05.00A_G012_2023_07_11_Study002_Raw Data.mat,5.0054,1.0836,1
E001_0500V_05.00A_G013_2023_07_11_Study001_Raw Data.mat,5.0396,0.3306,1
E001_0500V_05.00A_G013_2023_07_11_Study002_Raw Data.mat,5.037,0.3411,1
E001_0500V_05.00A_G014_2023_07_11_Study001_Raw Data.mat,5.037,0.5049,1
E001_0500V_05.00A_G014_2023_07_11_Study002_Raw Data.mat,5.0152,0.6639,1
E001_0500V_05.00A_G015_2023_07_11_Study001_Raw Data.mat,5.0445,0.6572,1
E001_0500V_05.00A_G015_2023_07_11_Study002_Raw Data.mat,5.0361,0.5205,1
E001_0500V_05.00A_G016_2023_07_11_Study001_Raw Data.mat,5.0463,0.3256,1
E001_0500V_05.00A_G016_2023_07_11_Study002_Raw Data.mat,5.0362,0.3576,1
E001_0500V_05.00A_G017_2023_07_11_Study001_Raw Data.mat,5.0453,0.3931,1
E001_0500V_05.00A_G017_2023_07_11_Study002_Raw Data.mat,5.0453,0.5827,1
E001_0500V_05.00A_G018_2023_07_11_Study001_Raw Data.mat,5.0362,0.672,1
E001_0500V_05.00A_G018_2023_07_11_Study002_Raw Data.mat,5.0026,0.5242,1
E001_0500V_05.00A_G019_2023_07_11_Study001_Raw Data.mat,5.044,0.305,1
E001_0500V_05.00A_G019_2023_07_11_Study002_Raw Data.mat,5.0391,0.3003,1
E001_0500V_05.00A_G020_2023_07_11_Study001_Raw Data.mat,5.0372,0.3905,1
E001_0500V_05.00A_G020_2023_07_11_Study002_Raw Data.mat,5.015,0.4639,1
E001_0500V_05.00A_G021_2023_07_11_Study001_Raw Data.mat,5.039,0.5244,1
E001_0500V_05.00A_G021_2023_07_11_Study002_Raw Data.mat,5.0434,0.4674,1
E001_0500V_05.00A_G022_2023_07_11_Study001_Raw Data.mat,5.0399,0.2922,1
E001_0500V_05.00A_G022_2023_07_11_Study002_Raw Data.mat,5.043,0.2902,1
E001_0500V_05.00A_G023_2023_07_11_Study001_Raw Data.mat,5.0443,0.3728,1
E001_0500V_05.00A_G023_2023_07_11_Study002_Raw Data.mat,5.0391,0.388,1
E001_0500V_05.00A_G024_2023_07_11_Study001_Raw Data.mat,5.0405,0.4228,1
E001_0500V_05.00A_G024_2023_07_11_Study002_Raw Data.mat,5.0416,0.4732,1
E001_0500V_05.00A_G025_2023_07_11_Study001_Raw Data.mat,5.042,0.2956,1
E001_0500V_05.00A_G025_2023_07_11_Study002_Raw Data.mat,5.0437,0.2896,1
E001_0500V_05.00A_G026_2023_07_11_Study001_Raw Data.mat,5.0274,0.354,1
E001_0500V_05.00A_G026_2023_07_11_Study002_Raw Data.mat,5.0292,0.374,1
E001_0500V_05.00A_G027_2023_07_11_Study001_Raw Data.mat,5.0399,0.4349,1
E001_0500V_05.00A_G027_2023_07_11_Study002_Raw Data.mat,5.0307,0.4617,1
E002_0150V_01.50A_G001_2023_09_25_Study001_Raw Data.mat,1.4785,0.2786,1
E002_0150V_01.50A_G001_2023_09_25_Study002_Raw Data.mat,1.4687,0.2785,1
E002_0150V_01.50A_G002_2023_09_25_Study001_Raw Data.mat,1.4788,0.3463,1
E002_0150V_01.50A_G002_2023_09_25_Study002_Raw Data.mat,1.4617,0.2778,1
E002_0150V_01.50A_G003_2023_09_25_Study001_Raw Data.mat,1.4693,0.3751,1
E002_0150V_01.50A_G003_2023_09_25_Study002_Raw Data.mat,1.472,0.4056,1
E002_0150V_01.50A_G004_2023_09_25_Study001_Raw Data.mat,1.4607,0.38,1
E002_0150V_01.50A_G004_2023_09_25_Study002_Raw Data.mat,1.4675,0.2381,1
E002_0150V_01.50A_G005_2023_09_25_Study001_Raw Data.mat,1.4653,0.2784,1
E002_0150V_01.50A_G005_2023_09_25_Study002_Raw Data.mat,1.4627,0.2695,1
E002_0150V_01.50A_G006_2023_09_25_Study001_Raw Data.mat,1.467,0.2757,1
E002_0150V_01.50A_G007_2023_09_25_Study001_Raw Data.mat,1.464,0.234,1
E002_0150V_01.50A_G007_2023_09_25_Study002_Raw Data.mat,1.4676,0.2338,1
E002_0150V_01.50A_G008_2023_09_25_Study001_Raw Data.mat,1.4663,0.2585,1
E002_0150V_01.50A_G008_2023_09_25_Study002_Raw Data.mat,1.4634,0.2534,1
E002_0150V_01.50A_G009_2023_09_25_Study001_Raw Data.mat,1.4652,0.2926,1
E002_0150V_01.50A_G009_2023_09_25_Study002_Raw Data.mat,1.4632,0.2786,1
E002_0200V_02.00A_G001_2023_06_12_Study001_Raw Data.mat,2.0102,0.376,1
E002_0200V_02.00A_G001_2023_06_12_Study002_Raw Data.mat,1.9995,0.3116,1
E002_0200V_02.00A_G002_2023_06_12_Study001_Raw Data.mat,2.0063,0.4499,1
E002_0200V_02.00A_G002_2023_06_12_Study002_Raw Data.mat,1.9908,0.4863,1
E002_0200V_02.00A_G003_2023_06_12_Study001_Raw Data.mat,2.0076,0.4796,1
E002_0200V_02.00A_G003_2023_06_12_Study002_Raw Data.mat,1.9991,0.4093,1
E002_0200V_02.00A_G004_2023_06_12_Study001_Raw Data.mat,1.9929,0.249,1
E002_0200V_02.00A_G004_2023_06_12_Study002_Raw Data.mat,2.0015,0.2525,1
E002_0200V_02.00A_G005_2023_06_12_Study001_Raw Data.mat,2.0019,0.23,1
E002_0200V_02.00A_G005_2023_06_12_Study002_Raw Data.mat,1.9831,0.2253,1
E002_0200V_02.00A_G006_2023_06_12_Study001_Raw Data.mat,1.9795,0.3378,1
E002_0200V_02.00A_G006_2023_06_12_Study002_Raw Data.mat,1.9863,0.4718,1
E002_0200V_02.00A_G007_2023_06_12_Study001_Raw Data.mat,2.006,0.2236,1
E002_0200V_02.00A_G007_2023_06_12_Study002_Raw Data.mat,1.9823,0.2322,1
E002_0200V_02.00A_G008_2023_06_12_Study001_Raw Data.mat,2.0032,0.2509,1
E002_0200V_02.00A_G008_2023_06_12_Study002_Raw Data.mat,1.9881,0.2512,1
E002_0200V_02.00A_G009_2023_06_12_Study001_Raw Data.mat,2.0073,0.2592,1
E002_0200V_02.00A_G009_2023_06_12_Study002_Raw Data.mat,1.9852,0.27,1
E002_0250V_02.50A_G001_2023_06_12_Study001_Raw Data.mat,2.4989,0.2912,1
E002_0250V_02.50A_G001_2023_06_12_Study002_Raw Data.mat,2.4916,0.327,1
E002_0250V_02.50A_G002_2023_06_12_Study001_Raw Data.mat,2.5131,0.3447,1
E002_0250V_02.50A_G002_2023_06_12_Study002_Raw Data.mat,2.4814,0.4754,1
E002_0250V_02.50A_G003_2023_06_12_Study001_Raw Data.mat,2.5126,0.3936,1
E002_0250V_02.50A_G003_2023_06_12_Study002_Raw Data.mat,2.4948,0.5605,1
E002_0250V_02.50A_G004_2023_06_12_Study001_Raw Data.mat,2.5123,0.2521,1
E002_0250V_02.50A_G004_2023_06_12_Study002_Raw Data.mat,2.4872,0.2898,1
E002_0250V_02.50A_G005_2023_06_12_Study001_Raw Data.mat,2.5142,0.3088,1
E002_0250V_02.50A_G005_2023_06_12_Study002_Raw Data.mat,2.4907,0.3358,1
E002_0250V_02.50A_G006_2023_06_12_Study001_Raw Data.mat,2.5075,0.3285,1
E002_0250V_02.50A_G006_2023_06_12_Study002_Raw Data.mat,2.4848,0.31,1
E002_0250V_02.50A_G007_2023_06_12_Study001_Raw Data.mat,2.5068,0.2169,1
E002_0250V_02.50A_G008_2023_06_12_Study001_Raw Data.mat,2.5002,0.2292,1
E002_0250V_02.50A_G008_2023_06_12_Study002_Raw Data.mat,2.489,0.2276,1
E002_0250V_02.50A_G009_2023_06_12_Study001_Raw Data.mat,2.5117,0.2304,1
E002_0250V_02.50A_G009_2023_06_12_Study002_Raw Data.mat,2.4877,0.382,1
E002_0250V_02.50A_G010_2023_06_12_Study001_Raw Data.mat,2.5017,0.2134,1
E002_0250V_02.50A_G010_2023_06_12_Study002_Raw Data.mat,2.5043,0.22,1
E002_0250V_02.50A_G011_2023_06_12_Study001_Raw Data.mat,2.5038,0.2186,1
E002_0250V_02.50A_G011_2023_06_12_Study002_Raw Data.mat,2.4952,0.2273,1
E002_0250V_02.50A_G012_2023_06_12_Study001_Raw Data.mat,2.5037,0.239,1
E002_0250V_02.50A_G012_2023_06_12_Study002_Raw Data.mat,2.4954,0.2422,1
E002_0300V_03.00A_G001_2023_06_12_Study001_Raw Data.mat,3.0175,0.3096,1
E002_0300V_03.00A_G001_2023_06_12_Study002_Raw Data.mat,3.016,0.3546,1
E002_0300V_03.00A_G002_2023_06_12_Study001_Raw Data.mat,3.017,0.3769,1
E002_0300V_03.00A_G002_2023_06_12_Study002_Raw Data.mat,2.9903,0.6627,1
E002_0300V_03.00A_G003_2023_06_12_Study001_Raw Data.mat,3.0112,0.7529,1
E002_0300V_03.00A_G003_2023_06_12_Study002_Raw Data.mat,2.9919,0.7726,1
E002_0300V_03.00A_G004_2023_06_12_Study001_Raw Data.mat,3.0093,0.2909,1
E002_0300V_03.00A_G004_2023_06_12_Study002_Raw Data.mat,2.9952,0.2498,1
E002_0300V_03.00A_G005_2023_06_12_Study001_Raw Data.mat,3.0143,0.4154,1
E002_0300V_03.00A_G005_2023_06_12_Study002_Raw Data.mat,2.9967,0.3787,1
E002_0300V_03.00A_G006_2023_06_12_Study001_Raw Data.mat,3.0181,0.44,1
E002_0300V_03.00A_G006_2023_06_12_Study002_Raw Data.mat,3.0021,0.379,1
E002_0300V_03.00A_G007_2023_06_12_Study001_Raw Data.mat,3.0169,0.2304,1
E002_0300V_03.00A_G007_2023_06_12_Study002_Raw Data.mat,3.003,0.261,1
E002_0300V_03.00A_G008_2023_06_12_Study001_Raw Data.mat,3.0149,0.2556,1
E002_0300V_03.00A_G008_2023_06_12_Study002_Raw Data.mat,3.0133,0.3268,1
E002_0300V_03.00A_G009_2023_06_12_Study001_Raw Data.mat,3.0198,0.2934,1
E002_0300V_03.00A_G009_2023_06_12_Study002_Raw Data.mat,2.9926,0.3793,1
E002_0300V_03.00A_G010_2023_06_12_Study001_Raw Data.mat,3.0054,0.224,1
E002_0300V_03.00A_G011_2023_06_12_Study001_Raw Data.mat,3.0059,0.2773,1
E002_0300V_03.00A_G011_2023_06_12_Study002_Raw Data.mat,2.9992,0.2405,1
E002_0300V_03.00A_G012_2023_06_12_Study001_Raw Data.mat,3.0064,0.272,1
E002_0300V_03.00A_G012_2023_06_12_Study002_Raw Data.mat,2.9993,0.2479,1
E002_0300V_03.00A_G013_2023_06_12_Study002_Raw Data.mat,3.0122,0.2277,1
E002_0300V_03.00A_G014_2023_06_12_Study001_Raw Data.mat,3.0046,0.2476,1
E002_0300V_03.00A_G014_2023_06_12_Study002_Raw Data.mat,3.0023,0.257,1
E002_0300V_03.00A_G015_2023_06_12_Study001_Raw Data.mat,3.0043,0.3153,1
E002_0300V_03.00A_G015_2023_06_12_Study002_Raw Data.mat,3.003,0.273,1
E002_0350V_03.50A_G001_2023_06_13_Study001_Raw Data.mat,3.5189,0.361,1
E002_0350V_03.50A_G001_2023_06_13_Study002_Raw Data.mat,3.5108,0.4746,1
E002_0350V_03.50A_G002_2023_06_13_Study001_Raw Data.mat,3.5174,0.6489,1
E002_0350V_03.50A_G002_2023_06_13_Study002_Raw Data.mat,3.5122,0.971,1
E002_0350V_03.50A_G003_2023_06_13_Study001_Raw Data.mat,3.5092,1.2609,1
E002_0350V_03.50A_G003_2023_06_13_Study002_Raw Data.mat,3.5145,1.4725,1
E002_0350V_03.50A_G004_2023_06_13_Study001_Raw Data.mat,3.5048,0.3447,1
E002_0350V_03.50A_G004_2023_06_13_Study002_Raw Data.mat,3.5119,0.4269,1
E002_0350V_03.50A_G005_2023_06_13_Study002_Raw Data.mat,3.513,0.4136,1
E002_0350V_03.50A_G006_2023_06_13_Study001_Raw Data.mat,3.5101,0.5985,1
E002_0350V_03.50A_G006_2023_06_13_Study002_Raw Data.mat,3.4978,0.8211,1
E002_0350V_03.50A_G007_2023_06_13_Study001_Raw Data.mat,3.5247,0.2635,1
E002_0350V_03.50A_G007_2023_06_13_Study002_Raw Data.mat,3.5138,0.3361,1
E002_0350V_03.50A_G008_2023_06_13_Study001_Raw Data.mat,3.5109,0.4188,1
E002_0350V_03.50A_G008_2023_06_13_Study002_Raw Data.mat,3.5181,0.4298,1
E002_0350V_03.50A_G009_2023_06_13_Study001_Raw Data.mat,3.5218,0.3997,1
E002_0350V_03.50A_G009_2023_06_13_Study002_Raw Data.mat,3.5018,0.5933,1
E002_0350V_03.50A_G010_2023_06_13_Study002_Raw Data.mat,3.521,0.2521,1
E002_0350V_03.50A_G011_2023_06_13_Study001_Raw Data.mat,3.5216,0.3614,1
E002_0350V_03.50A_G011_2023_06_13_Study002_Raw Data.mat,3.4951,0.3744,1
E002_0350V_03.50A_G012_2023_06_13_Study001_Raw Data.mat,3.4958,0.5502,1
E002_0350V_03.50A_G012_2023_06_13_Study002_Raw Data.mat,3.4982,0.6174,1
E002_0350V_03.50A_G013_2023_06_13_Study001_Raw Data.mat,3.5085,0.2362,1
E002_0350V_03.50A_G013_2023_06_13_Study002_Raw Data.mat,3.4856,0.2932,1
E002_0350V_03.50A_G014_2023_06_13_Study001_Raw Data.mat,3.4876,0.3933,1
E002_0350V_03.50A_G014_2023_06_13_Study002_Raw Data.mat,3.5008,0.3923,1
E002_0350V_03.50A_G015_2023_06_13_Study001_Raw Data.mat,3.4942,0.3375,1
E002_0350V_03.50A_G015_2023_06_13_Study002_Raw Data.mat,3.4993,0.4152,1
E002_0350V_03.50A_G016_2023_06_13_Study002_Raw Data.mat,3.519,0.2199,1
E002_0350V_03.50A_G017_2023_06_13_Study001_Raw Data.mat,3.5155,0.2515,1
E002_0350V_03.50A_G017_2023_06_13_Study002_Raw Data.mat,3.496,0.3673,1
E002_0350V_03.50A_G018_2023_06_13_Study001_Raw Data.mat,3.5194,0.3149,1
E002_0350V_03.50A_G018_2023_06_13_Study002_Raw Data.mat,3.5005,0.3802,1
E002_0400V_04.00A_G001_2023_06_13_Study001_Raw Data.mat,4.0142,,0
E002_0400V_04.00A_G001_2023_06_13_Study002_Raw Data.mat,4.0205,,0
E002_0400V_04.00A_G002_2023_06_13_Study001_Raw Data.mat,4.0193,,0
E002_0400V_04.00A_G002_2023_06_13_Study002_Raw Data.mat,4.0069,,0
E002_0400V_04.00A_G003_2023_06_13_Study001_Raw Data.mat,4.0237,,0
E002_0400V_04.00A_G003_2023_06_13_Study002_Raw Data.mat,1.3794,,0
E002_0400V_04.00A_G004_2023_06_13_Study001_Raw Data.mat,4.023,0.4882,1
E002_0400V_04.00A_G004_2023_06_13_Study002_Raw Data.mat,4.0182,0.4084,1
E002_0400V_04.00A_G005_2023_06_13_Study001_Raw Data.mat,4.017,0.8314,1
E002_0400V_04.00A_G005_2023_06_13_Study002_Raw Data.mat,4.0103,0.8733,1
E002_0400V_04.00A_G006_2023_06_13_Study001_Raw Data.mat,4.0234,0.9,1
E002_0400V_04.00A_G006_2023_06_13_Study002_Raw Data.mat,1.0025,,0
E002_0400V_04.00A_G007_2023_06_13_Study001_Raw Data.mat,4.0025,0.4471,1
E002_0400V_04.00A_G008_2023_06_13_Study001_Raw Data.mat,4.0053,0.729,1
E002_0400V_04.00A_G008_2023_06_13_Study002_Raw Data.mat,4.0253,0.6901,1
E002_0400V_04.00A_G009_2023_06_13_Study001_Raw Data.mat,4.0155,0.8762,1
E002_0400V_04.00A_G009_2023_06_13_Study002_Raw Data.mat,4.0267,0.691,1
E002_0400V_04.00A_G010_2023_06_13_Study001_Raw Data.mat,4.0171,0.3491,1
E002_0400V_04.00A_G010_2023_06_13_Study002_Raw Data.mat,4.0055,0.3462,1
E002_0400V_04.00A_G011_2023_06_13_Study001_Raw Data.mat,4.0257,0.4302,1
E002_0400V_04.00A_G011_2023_06_13_Study002_Raw Data.mat,4.0225,0.4726,1
E002_0400V_04.00A_G012_2023_06_13_Study001_Raw Data.mat,4.0238,0.547,1
E002_0400V_04.00A_G012_2023_06_13_Study002_Raw Data.mat,3.9933,0.7239,1
E002_0400V_04.00A_G013_2023_06_13_Study002_Raw Data.mat,4.0253,0.3702,1
E002_0400V_04.00A_G014_2023_06_13_Study001_Raw Data.mat,4.0214,0.3748,1
E002_0400V_04.00A_G014_2023_06_13_Study002_Raw Data.mat,4.0267,0.4985,1
E002_0400V_04.00A_G015_2023_06_13_Study001_Raw Data.mat,4.0162,0.5251,1
E002_0400V_04.00A_G016_2023_06_13_Study001_Raw Data.mat,4.0162,0.2763,1
E002_0400V_04.00A_G016_2023_06_13_Study002_Raw Data.mat,3.992,0.3271,1
E002_0400V_04.00A_G017_2023_06_13_Study001_Raw Data.mat,3.9957,0.4368,1
E002_0400V_04.00A_G017_2023_06_13_Study002_Raw Data.mat,4.006,0.4316,1
E002_0400V_04.00A_G018_2023_06_13_Study001_Raw Data.mat,4.0245,0.3948,1
E002_0400V_04.00A_G018_2023_06_13_Study002_Raw Data.mat,3.9999,0.5245,1
E002_0400V_04.00A_G019_2023_06_25_Study001_Raw Data.mat,4.0126,0.2458,1
E002_0400V_04.00A_G019_2023_06_25_Study002_Raw Data.mat,3.9922,0.344,1
E002_0400V_04.00A_G020_2023_06_25_Study001_Raw Data.mat,3.9976,0.3657,1
E002_0400V_04.00A_G020_2023_06_25_Study002_Raw Data.mat,3.9876,0.3848,1
E002_0400V_04.00A_G021_2023_06_25_Study001_Raw Data.mat,4.0158,0.3949,1
E002_0400V_04.00A_G021_2023_06_25_Study002_Raw Data.mat,3.9977,0.4656,1
E002_0450V_04.50A_G001_2023_06_25_Study001_Raw Data.mat,4.5276,,0
E002_0450V_04.50A_G001_2023_06_25_Study002_Raw Data.mat,4.5258,,0
E002_0450V_04.50A_G002_2023_06_25_Study001_Raw Data.mat,4.5293,,0
E002_0450V_04.50A_G002_2023_06_25_Study002_Raw Data.mat,4.4987,,0
E002_0450V_04.50A_G003_2023_06_25_Study001_Raw Data.mat,4.5237,,0
E002_0450V_04.50A_G003_2023_06_25_Study002_Raw Data.mat,4.5288,,0
E002_0450V_04.50A_G004_2023_06_25_Study001_Raw Data.mat,4.5304,0.5936,1
E002_0450V_04.50A_G004_2023_06_25_Study002_Raw Data.mat,4.5275,0.5727,1
E002_0450V_04.50A_G005_2023_06_25_Study001_Raw Data.mat,4.5048,,0
E002_0450V_04.50A_G005_2023_06_25_Study002_Raw Data.mat,4.5274,1.155,1
E002_0450V_04.50A_G006_2023_06_25_Study001_Raw Data.mat,4.527,1.2418,1
E002_0450V_04.50A_G006_2023_06_25_Study002_Raw Data.mat,4.5092,,0
E002_0450V_04.50A_G007_2023_06_25_Study001_Raw Data.mat,4.527,0.4369,1
E002_0450V_04.50A_G007_2023_06_25_Study002_Raw Data.mat,4.5074,0.5424,1
E002_0450V_04.50A_G008_2023_06_25_Study001_Raw Data.mat,4.5245,0.7199,1
E002_0450V_04.50A_G008_2023_06_25_Study002_Raw Data.mat,4.5291,0.8082,1
E002_0450V_04.50A_G009_2023_06_25_Study001_Raw Data.mat,4.5322,0.8488,1
E002_0450V_04.50A_G009_2023_06_25_Study002_Raw Data.mat,4.5227,1.0151,1
E002_0450V_04.50A_G010_2023_06_25_Study001_Raw Data.mat,4.5322,0.3658,1
E002_0450V_04.50A_G010_2023_06_25_Study002_Raw Data.mat,4.5209,0.4696,1
E002_0450V_04.50A_G011_2023_06_25_Study001_Raw Data.mat,4.5149,0.6679,1
E002_0450V_04.50A_G011_2023_06_25_Study002_Raw Data.mat,4.5207,0.6828,1
E002_0450V_04.50A_G012_2023_06_25_Study001_Raw Data.mat,4.5261,0.8419,1
E002_0450V_04.50A_G012_2023_06_25_Study002_Raw Data.mat,4.5082,1.0649,1
E002_0450V_04.50A_G013_2023_06_25_Study001_Raw Data.mat,4.5267,0.3516,1
E002_0450V_04.50A_G013_2023_06_25_Study002_Raw Data.mat,4.5159,0.4178,1
E002_0450V_04.50A_G014_2023_06_25_Study001_Raw Data.mat,4.4966,0.7121,1
E002_0450V_04.50A_G014_2023_06_25_Study002_Raw Data.mat,4.4927,0.7821,1
E002_0450V_04.50A_G015_2023_06_25_Study001_Raw Data.mat,4.529,0.6498,1
E002_0450V_04.50A_G015_2023_06_25_Study002_Raw Data.mat,4.5297,0.6844,1
E002_0450V_04.50A_G016_2023_06_25_Study001_Raw Data.mat,4.5301,0.2848,1
E002_0450V_04.50A_G016_2023_06_25_Study002_Raw Data.mat,4.5188,0.3742,1
E002_0450V_04.50A_G017_2023_06_25_Study001_Raw Data.mat,4.5251,0.4588,1
E002_0450V_04.50A_G017_2023_06_25_Study002_Raw Data.mat,4.5165,0.5266,1
E002_0450V_04.50A_G018_2023_06_25_Study001_Raw Data.mat,4.5083,0.744,1
E002_0450V_04.50A_G018_2023_06_25_Study002_Raw Data.mat,4.5002,0.6975,1
E002_0450V_04.50A_G019_2023_06_25_Study001_Raw Data.mat,4.5291,0.2824,1
E002_0450V_04.50A_G019_2023_06_25_Study002_Raw Data.mat,4.5252,0.3309,1
E002_0450V_04.50A_G020_2023_06_25_Study001_Raw Data.mat,4.5143,0.4915,1
E002_0450V_04.50A_G020_2023_06_25_Study002_Raw Data.mat,4.5036,0.5475,1
E002_0450V_04.50A_G021_2023_06_25_Study001_Raw Data.mat,4.5068,0.6351,1
E002_0450V_04.50A_G021_2023_06_25_Study002_Raw Data.mat,4.5249,0.559,1
E002_0450V_04.50A_G022_2023_06_25_Study001_Raw Data.mat,4.5327,0.3025,1
E002_0450V_04.50A_G022_2023_06_25_Study002_Raw Data.mat,4.5255,0.3075,1
E002_0450V_04.50A_G023_2023_06_25_Study001_Raw Data.mat,4.5024,0.4926,1
E002_0450V_04.50A_G023_2023_06_25_Study002_Raw Data.mat,4.5165,0.4549,1
E002_0450V_04.50A_G024_2023_06_25_Study001_Raw Data.mat,4.5033,0.5685,1
E002_0450V_04.50A_G024_2023_06_25_Study002_Raw Data.mat,4.5005,0.6402,1
E002_0500V_05.00A_G001_2023_09_07_Study001_Raw Data.mat,5.0201,,0
E002_0500V_05.00A_G001_2023_09_07_Study002_Raw Data.mat,5.0061,,0
E002_0500V_05.00A_G003_2023_09_07_Study001_Raw Data.mat,5.0293,,0
E002_0500V_05.00A_G003_2023_09_07_Study002_Raw Data.mat,5.0093,,0
E002_0500V_05.00A_G004_2023_09_07_Study001_Raw Data.mat,5.0329,,0
E002_0500V_05.00A_G004_2023_09_07_Study002_Raw Data.mat,5.0308,,0
E002_0500V_05.00A_G005_2023_09_07_Study001_Raw Data.mat,5.0333,,0
E002_0500V_05.00A_G005_2023_09_07_Study002_Raw Data.mat,5.0237,,0
E002_0500V_05.00A_G006_2023_09_07_Study001_Raw Data.mat,5.0174,,0
E002_0500V_05.00A_G006_2023_09_07_Study002_Raw Data.mat,5.0274,,0
E002_0500V_05.00A_G007_2023_09_07_Study001_Raw Data.mat,5.032,0.5907,1
E002_0500V_05.00A_G007_2023_09_07_Study002_Raw Data.mat,5.0109,0.6828,1
E002_0500V_05.00A_G008_2023_09_07_Study001_Raw Data.mat,5.0282,1.022,1
E002_0500V_05.00A_G008_2023_09_07_Study002_Raw Data.mat,5.024,1.0854,1
E002_0500V_05.00A_G009_2023_09_07_Study001_Raw Data.mat,5.0334,1.3385,1
E002_0500V_05.00A_G009_2023_09_07_Study002_Raw Data.mat,5.0149,1.6894,1
E002_0500V_05.00A_G010_2023_09_07_Study001_Raw Data.mat,5.031,0.4821,1
E002_0500V_05.00A_G010_2023_09_07_Study002_Raw Data.mat,5.0246,0.5998,1
E002_0500V_05.00A_G011_2023_09_07_Study001_Raw Data.mat,5.0343,0.8454,1
E002_0500V_05.00A_G011_2023_09_07_Study002_Raw Data.mat,5.0293,0.8222,1
E002_0500V_05.00A_G012_2023_09_07_Study001_Raw Data.mat,5.0258,1.1074,1
E002_0500V_05.00A_G012_2023_09_07_Study002_Raw Data.mat,5.0092,1.0074,1
E002_0500V_05.00A_G013_2023_09_07_Study001_Raw Data.mat,5.0314,0.4859,1
E002_0500V_05.00A_G013_2023_09_07_Study002_Raw Data.mat,5.0116,0.5432,1
E002_0500V_05.00A_G014_2023_09_07_Study001_Raw Data.mat,5.0252,0.6835,1
E002_0500V_05.00A_G014_2023_09_07_Study002_Raw Data.mat,5.0204,0.7713,1
E002_0500V_05.00A_G015_2023_09_07_Study001_Raw Data.mat,5.0338,0.8364,1
E002_0500V_05.00A_G015_2023_09_07_Study002_Raw Data.mat,5.0315,1.0193,1
E002_0500V_05.00A_G016_2023_09_07_Study001_Raw Data.mat,5.0353,0.3917,1
E002_0500V_05.00A_G016_2023_09_07_Study002_Raw Data.mat,5.0321,0.4117,1
E002_0500V_05.00A_G017_2023_09_07_Study001_Raw Data.mat,5.0327,0.5732,1
E002_0500V_05.00A_G017_2023_09_07_Study002_Raw Data.mat,5.0271,0.7411,1
E002_0500V_05.00A_G018_2023_09_07_Study001_Raw Data.mat,5.0293,0.8124,1
E002_0500V_05.00A_G018_2023_09_07_Study002_Raw Data.mat,5.0245,0.8288,1
E002_0500V_05.00A_G019_2023_09_07_Study001_Raw Data.mat,5.0293,0.3813,1
E002_0500V_05.00A_G019_2023_09_07_Study002_Raw Data.mat,5.0228,0.4146,1
E002_0500V_05.00A_G020_2023_09_07_Study001_Raw Data.mat,5.0254,0.5956,1
E002_0500V_05.00A_G020_2023_09_07_Study002_Raw Data.mat,5.0281,0.5995,1
E002_0500V_05.00A_G021_2023_09_07_Study001_Raw Data.mat,5.033,0.6672,1
E002_0500V_05.00A_G021_2023_09_07_Study002_Raw Data.mat,5.0287,0.7765,1
E002_0500V_05.00A_G022_2023_09_07_Study001_Raw Data.mat,5.0156,0.3858,1
E002_0500V_05.00A_G022_2023_09_07_Study002_Raw Data.mat,4.9851,0.4236,1
E002_0500V_05.00A_G023_2023_09_07_Study001_Raw Data.mat,5.0288,0.5293,1
E002_0500V_05.00A_G023_2023_09_07_Study002_Raw Data.mat,5.0106,0.5555,1
E002_0500V_05.00A_G024_2023_09_07_Study001_Raw Data.mat,5.0048,0.7918,1
E002_0500V_05.00A_G024_2023_09_07_Study002_Raw Data.mat,5.0207,0.6554,1
E002_0500V_05.00A_G025_2023_09_07_Study001_Raw Data.mat,5.0152,0.3488,1
E002_0500V_05.00A_G025_2023_09_07_Study002_Raw Data.mat,5.008,0.3458,1
E002_0500V_05.00A_G026_2023_09_07_Study001_Raw Data.mat,5.0167,0.4811,1
E002_0500V_05.00A_G026_2023_09_07_Study002_Raw Data.mat,5.016,0.5214,1
E002_0500V_05.00A_G027_2023_09_07_Study001_Raw Data.mat,5.0055,0.6589,1
E002_0500V_05.00A_G027_2023_09_07_Study002_Raw Data.mat,5.0064,0.6613,1
E003_0150V_01.50A_G001_2023_06_04_Study001_Raw Data.mat,1.4868,0.2278,1
E003_0150V_01.50A_G001_2023_06_04_Study002_Raw Data.mat,1.4801,0.2378,1
E003_0150V_01.50A_G002_2023_06_04_Study001_Raw Data.mat,1.4895,0.28,1
E003_0150V_01.50A_G002_2023_06_04_Study002_Raw Data.mat,1.4712,0.3346,1
E003_0150V_01.50A_G003_2023_06_04_Study001_Raw Data.mat,1.4835,0.3041,1
E003_0150V_01.50A_G003_2023_06_04_Study002_Raw Data.mat,1.3636,0.6207,1
E003_0150V_01.50A_G004_2023_06_04_Study002_Raw Data.mat,1.4733,0.248,1
E003_0150V_01.50A_G005_2023_06_04_Study001_Raw Data.mat,1.4887,0.2154,1
E003_0150V_01.50A_G005_2023_06_04_Study002_Raw Data.mat,1.4859,0.2519,1
E003_0150V_01.50A_G006_2023_06_04_Study001_Raw Data.mat,1.4795,0.2457,1
E003_0150V_01.50A_G006_2023_06_04_Study002_Raw Data.mat,1.4857,0.3035,1
E003_0150V_01.50A_G007_2023_06_04_Study001_Raw Data.mat,1.4888,0.2207,1
E003_0150V_01.50A_G007_2023_06_04_Study002_Raw Data.mat,1.4778,0.2246,1
E003_0150V_01.50A_G008_2023_06_04_Study001_Raw Data.mat,1.4816,0.2305,1
E003_0150V_01.50A_G008_2023_06_04_Study002_Raw Data.mat,1.4876,0.2095,1
E003_0150V_01.50A_G009_2023_06_04_Study001_Raw Data.mat,1.4834,0.2384,1
E003_0150V_01.50A_G009_2023_06_04_Study002_Raw Data.mat,1.4784,0.2683,1
E003_0200V_02.00A_G001_2023_06_04_Study001_Raw Data.mat,1.9974,0.271,1
E003_0200V_02.00A_G001_2023_06_04_Study002_Raw Data.mat,1.9865,0.288,1
E003_0200V_02.00A_G002_2023_06_04_Study001_Raw Data.mat,1.9966,0.2075,1
E003_0200V_02.00A_G002_2023_06_04_Study002_Raw Data.mat,1.983,0.3187,1
E003_0200V_02.00A_G003_2023_06_04_Study001_Raw Data.mat,1.9869,0.4105,1
E003_0200V_02.00A_G003_2023_06_04_Study002_Raw Data.mat,1.9882,0.4631,1
E003_0200V_02.00A_G004_2023_06_04_Study001_Raw Data.mat,1.8595,0.3343,1
E003_0200V_02.00A_G004_2023_06_04_Study002_Raw Data.mat,1.9834,0.2488,1
E003_0200V_02.00A_G005_2023_06_04_Study001_Raw Data.mat,1.985,0.2878,1
E003_0200V_02.00A_G005_2023_06_04_Study002_Raw Data.mat,1.8662,0.4275,1
E003_0200V_02.00A_G006_2023_06_04_Study001_Raw Data.mat,1.9967,0.2331,1
E003_0200V_02.00A_G006_2023_06_04_Study002_Raw Data.mat,1.9831,0.3043,1
E003_0200V_02.00A_G007_2023_06_04_Study001_Raw Data.mat,1.9808,0.2355,1
E003_0200V_02.00A_G007_2023_06_04_Study002_Raw Data.mat,1.8638,0.3032,1
E003_0200V_02.00A_G008_2023_06_04_Study001_Raw Data.mat,1.9487,0.2534,1
E003_0200V_02.00A_G008_2023_06_04_Study002_Raw Data.mat,1.9512,0.2473,1
E003_0200V_02.00A_G009_2023_06_04_Study001_Raw Data.mat,1.9851,0.2666,1
E003_0200V_02.00A_G009_2023_06_04_Study002_Raw Data.mat,1.8685,0.4109,1
E003_0250V_02.50A_G001_2023_06_04_Study001_Raw Data.mat,2.5011,0.2351,1
E003_0250V_02.50A_G001_2023_06_04_Study002_Raw Data.mat,2.493,0.2505,1
E003_0250V_02.50A_G002_2023_06_04_Study001_Raw Data.mat,2.4564,0.3488,1
E003_0250V_02.50A_G002_2023_06_04_Study002_Raw Data.mat,2.4857,0.2533,1
E003_0250V_02.50A_G003_2023_06_04_Study001_Raw Data.mat,2.3659,0.8739,1
E003_0250V_02.50A_G003_2023_06_04_Study002_Raw Data.mat,2.366,0.9008,1
E003_0250V_02.50A_G004_2023_06_04_Study001_Raw Data.mat,2.4936,0.2246,1
E003_0250V_02.50A_G004_2023_06_04_Study002_Raw Data.mat,2.3602,0.3488,1
E003_0250V_02.50A_G005_2023_06_04_Study001_Raw Data.mat,2.4942,0.2685,1
E003_0250V_02.50A_G005_2023_06_04_Study002_Raw Data.mat,2.4584,0.3184,1
E003_0250V_02.50A_G006_2023_06_04_Study001_Raw Data.mat,2.4858,0.2727,1
E003_0250V_02.50A_G006_2023_06_04_Study002_Raw Data.mat,2.4483,0.3704,1
E003_0250V_02.50A_G007_2023_06_04_Study001_Raw Data.mat,2.4911,0.2153,1
E003_0250V_02.50A_G007_2023_06_04_Study002_Raw Data.mat,2.4865,0.2293,1
E003_0250V_02.50A_G008_2023_06_04_Study001_Raw Data.mat,2.4912,0.2315,1
E003_0250V_02.50A_G008_2023_06_04_Study002_Raw Data.mat,2.4846,0.2597,1
E003_0250V_02.50A_G009_2023_06_04_Study001_Raw Data.mat,2.4833,0.2707,1
E003_0250V_02.50A_G009_2023_06_04_Study002_Raw Data.mat,2.4828,0.3029,1
E003_0250V_02.50A_G010_2023_06_04_Study001_Raw Data.mat,2.4861,0.231,1
E003_0250V_02.50A_G010_2023_06_04_Study002_Raw Data.mat,2.4857,0.2274,1
E003_0250V_02.50A_G011_2023_06_04_Study001_Raw Data.mat,2.4907,0.2612,1
E003_0250V_02.50A_G011_2023_06_04_Study002_Raw Data.mat,2.4893,0.2602,1
E003_0250V_02.50A_G012_2023_06_04_Study001_Raw Data.mat,2.4892,0.2663,1
E003_0250V_02.50A_G012_2023_06_04_Study002_Raw Data.mat,2.4905,0.3287,1
E003_0300V_03.00A_G001_2023_06_04_Study001_Raw Data.mat,2.96,0.4156,1
E003_0300V_03.00A_G001_2023_06_04_Study002_Raw Data.mat,2.9958,0.3354,1
E003_0300V_03.00A_G002_2023_06_04_Study001_Raw Data.mat,2.9939,0.4767,1
E003_0300V_03.00A_G002_2023_06_04_Study002_Raw Data.mat,2.9941,0.382,1
E003_0300V_03.00A_G003_2023_06_04_Study001_Raw Data.mat,2.9929,0.5327,1
E003_0300V_03.00A_G003_2023_06_04_Study002_Raw Data.mat,2.9903,0.5488,1
E003_0300V_03.00A_G004_2023_06_04_Study001_Raw Data.mat,2.9943,0.2845,1
E003_0300V_03.00A_G004_2023_06_04_Study002_Raw Data.mat,2.9949,0.2911,1
E003_0300V_03.00A_G005_2023_06_04_Study001_Raw Data.mat,2.859,0.7041,1
E003_0300V_03.00A_G005_2023_06_04_Study002_Raw Data.mat,2.991,0.2992,1
E003_0300V_03.00A_G006_2023_06_04_Study001_Raw Data.mat,2.9588,0.4354,1
E003_0300V_03.00A_G006_2023_06_04_Study002_Raw Data.mat,2.9904,0.3558,1
E003_0300V_03.00A_G007_2023_06_04_Study001_Raw Data.mat,2.9587,0.2779,1
E003_0300V_03.00A_G007_2023_06_04_Study002_Raw Data.mat,2.9916,0.2509,1
E003_0300V_03.00A_G008_2023_06_04_Study001_Raw Data.mat,2.9932,0.2985,1
E003_0300V_03.00A_G008_2023_06_04_Study002_Raw Data.mat,2.9907,0.3059,1
E003_0300V_03.00A_G009_2023_06_04_Study001_Raw Data.mat,2.9923,0.3123,1
E003_0300V_03.00A_G009_2023_06_04_Study002_Raw Data.mat,2.9602,0.3897,1
E003_0300V_03.00A_G010_2023_06_04_Study001_Raw Data.mat,2.9612,0.2586,1
E003_0300V_03.00A_G010_2023_06_04_Study002_Raw Data.mat,2.9913,0.2457,1
E003_0300V_03.00A_G011_2023_06_04_Study001_Raw Data.mat,2.9968,0.2914,1
E003_0300V_03.00A_G011_2023_06_04_Study002_Raw Data.mat,2.956,0.3042,1
E003_0300V_03.00A_G012_2023_06_04_Study001_Raw Data.mat,2.9953,0.2863,1
E003_0300V_03.00A_G012_2023_06_04_Study002_Raw Data.mat,2.988,0.3074,1
E003_0300V_03.00A_G013_2023_06_04_Study001_Raw Data.mat,2.9934,0.2368,1
E003_0300V_03.00A_G013_2023_06_04_Study002_Raw Data.mat,2.9604,0.2485,1
E003_0300V_03.00A_G014_2023_06_04_Study001_Raw Data.mat,2.9954,0.271,1
E003_0300V_03.00A_G014_2023_06_04_Study002_Raw Data.mat,2.9935,0.2744,1
E003_0300V_03.00A_G015_2023_06_04_Study001_Raw Data.mat,2.988,0.2946,1
E003_0300V_03.00A_G015_2023_06_04_Study002_Raw Data.mat,2.9676,0.3372,1
E003_0350V_03.50A_G001_2023_06_05_Study001_Raw Data.mat,3.3998,1.1221,1
E003_0350V_03.50A_G001_2023_06_05_Study002_Raw Data.mat,3.5143,0.3574,1
E003_0350V_03.50A_G002_2023_06_05_Study001_Raw Data.mat,3.4979,0.4536,1
E003_0350V_03.50A_G002_2023_06_05_Study002_Raw Data.mat,3.499,0.4512,1
E003_0350V_03.50A_G003_2023_06_05_Study001_Raw Data.mat,3.4974,0.6186,1
E003_0350V_03.50A_G003_2023_06_05_Study002_Raw Data.mat,3.502,0.6458,1
E003_0350V_03.50A_G004_2023_06_05_Study001_Raw Data.mat,3.3648,0.5689,1
E003_0350V_03.50A_G004_2023_06_05_Study002_Raw Data.mat,3.496,0.2979,1
E003_0350V_03.50A_G005_2023_06_05_Study001_Raw Data.mat,3.4998,0.3646,1
E003_0350V_03.50A_G005_2023_06_05_Study002_Raw Data.mat,3.5003,0.3835,1
E003_0350V_03.50A_G006_2023_06_05_Study001_Raw Data.mat,3.5028,0.4349,1
E003_0350V_03.50A_G006_2023_06_05_Study002_Raw Data.mat,3.4675,0.5876,1
E003_0350V_03.50A_G007_2023_06_05_Study001_Raw Data.mat,3.4683,0.3076,1
E003_0350V_03.50A_G007_2023_06_05_Study002_Raw Data.mat,3.4973,0.2677,1
E003_0350V_03.50A_G008_2023_06_05_Study001_Raw Data.mat,3.5018,0.3343,1
E003_0350V_03.50A_G008_2023_06_05_Study002_Raw Data.mat,3.5006,0.304,1
E003_0350V_03.50A_G009_2023_06_05_Study001_Raw Data.mat,3.4918,0.4528,1
E003_0350V_03.50A_G009_2023_06_05_Study002_Raw Data.mat,3.4627,0.6012,1
E003_0350V_03.50A_G010_2023_06_05_Study001_Raw Data.mat,3.4666,0.2952,1
E003_0350V_03.50A_G010_2023_06_05_Study002_Raw Data.mat,3.4698,0.2847,1
E003_0350V_03.50A_G011_2023_06_05_Study001_Raw Data.mat,3.498,0.2888,1
E003_0350V_03.50A_G011_2023_06_05_Study002_Raw Data.mat,3.5025,0.2879,1
E003_0350V_03.50A_G012_2023_06_05_Study001_Raw Data.mat,3.4769,0.419,1
E003_0350V_03.50A_G012_2023_06_05_Study002_Raw Data.mat,3.5018,0.3465,1
E003_0350V_03.50A_G013_2023_06_05_Study001_Raw Data.mat,3.4993,0.2566,1
E003_0350V_03.50A_G013_2023_06_05_Study002_Raw Data.mat,3.5017,0.2525,1
E003_0350V_03.50A_G014_2023_06_05_Study001_Raw Data.mat,3.4976,0.2997,1
E003_0350V_03.50A_G014_2023_06_05_Study002_Raw Data.mat,3.5001,0.2862,1
E003_0350V_03.50A_G015_2023_06_05_Study001_Raw Data.mat,3.5017,0.3428,1
E003_0350V_03.50A_G015_2023_06_05_Study002_Raw Data.mat,3.5013,0.2852,1
E003_0350V_03.50A_G016_2023_06_05_Study001_Raw Data.mat,3.5031,0.2454,1
E003_0350V_03.50A_G016_2023_06_05_Study002_Raw Data.mat,3.4628,0.2778,1
E003_0350V_03.50A_G017_2023_06_05_Study001_Raw Data.mat,3.5026,0.2826,1
E003_0350V_03.50A_G017_2023_06_05_Study002_Raw Data.mat,3.471,0.3265,1
E003_0350V_03.50A_G018_2023_06_05_Study001_Raw Data.mat,3.5004,0.3264,1
E003_0350V_03.50A_G018_2023_06_05_Study002_Raw Data.mat,3.387,0.5496,1
E003_0400V_04.00A_G001_2023_06_05_Study001_Raw Data.mat,4.0167,0.3696,1
E003_0400V_04.00A_G001_2023_06_05_Study002_Raw Data.mat,3.9275,0.8915,1
E003_0400V_04.00A_G002_2023_06_05_Study001_Raw Data.mat,4.008,0.6319,1
E003_0400V_04.00A_G002_2023_06_05_Study002_Raw Data.mat,3.894,,0
E003_0400V_04.00A_G003_2023_06_05_Study001_Raw Data.mat,4.006,1.0559,1
E003_0400V_04.00A_G003_2023_06_05_Study002_Raw Data.mat,3.9773,1.3825,1
E003_0400V_04.00A_G004_2023_06_05_Study001_Raw Data.mat,4.0042,0.3778,1
E003_0400V_04.00A_G004_2023_06_05_Study002_Raw Data.mat,3.8973,0.6226,1
E003_0400V_04.00A_G005_2023_06_05_Study001_Raw Data.mat,4.0069,0.4602,1
E003_0400V_04.00A_G005_2023_06_05_Study002_Raw Data.mat,4.0088,0.4853,1
E003_0400V_04.00A_G006_2023_06_05_Study001_Raw Data.mat,3.9789,0.8308,1
E003_0400V_04.00A_G006_2023_06_05_Study002_Raw Data.mat,4.0075,0.6827,1
E003_0400V_04.00A_G007_2023_06_05_Study001_Raw Data.mat,3.9681,0.3625,1
E003_0400V_04.00A_G007_2023_06_05_Study002_Raw Data.mat,3.9734,0.3575,1
E003_0400V_04.00A_G008_2023_06_05_Study001_Raw Data.mat,3.9769,0.4767,1
E003_0400V_04.00A_G008_2023_06_05_Study002_Raw Data.mat,3.9838,0.5035,1
E003_0400V_04.00A_G009_2023_06_05_Study001_Raw Data.mat,4.0117,0.5039,1
E003_0400V_04.00A_G009_2023_06_05_Study002_Raw Data.mat,4.0092,0.4867,1
E003_0400V_04.00A_G010_2023_06_05_Study001_Raw Data.mat,3.9808,0.3091,1
E003_0400V_04.00A_G010_2023_06_05_Study002_Raw Data.mat,3.9867,0.3229,1
E003_0400V_04.00A_G011_2023_06_05_Study001_Raw Data.mat,4.0017,0.3555,1
E003_0400V_04.00A_G011_2023_06_05_Study002_Raw Data.mat,3.9755,0.398,1
E003_0400V_04.00A_G012_2023_06_05_Study001_Raw Data.mat,3.976,0.4961,1
E003_0400V_04.00A_G012_2023_06_05_Study002_Raw Data.mat,3.9746,0.4763,1
E003_0400V_04.00A_G013_2023_06_05_Study001_Raw Data.mat,3.9701,0.2733,1
E003_0400V_04.00A_G013_2023_06_05_Study002_Raw Data.mat,3.9728,0.2695,1
E003_0400V_04.00A_G014_2023_06_05_Study001_Raw Data.mat,3.88,0.6024,1
E003_0400V_04.00A_G014_2023_06_05_Study002_Raw Data.mat,3.9718,0.3611,1
E003_0400V_04.00A_G015_2023_06_05_Study001_Raw Data.mat,3.9768,0.4565,1
E003_0400V_04.00A_G015_2023_06_05_Study002_Raw Data.mat,3.9731,0.4202,1
E003_0400V_04.00A_G016_2023_06_05_Study001_Raw Data.mat,3.9675,0.2716,1
E003_0400V_04.00A_G016_2023_06_05_Study002_Raw Data.mat,3.9729,0.2751,1
E003_0400V_04.00A_G017_2023_06_05_Study001_Raw Data.mat,3.9742,0.3552,1
E003_0400V_04.00A_G017_2023_06_05_Study002_Raw Data.mat,3.9719,0.3503,1
E003_0400V_04.00A_G018_2023_06_05_Study001_Raw Data.mat,4.0107,0.3205,1
E003_0400V_04.00A_G018_2023_06_05_Study002_Raw Data.mat,3.9756,0.3773,1
E003_0400V_04.00A_G019_2023_06_05_Study001_Raw Data.mat,3.9769,0.2719,1
E003_0400V_04.00A_G019_2023_06_05_Study002_Raw Data.mat,3.9706,0.2683,1
E003_0400V_04.00A_G020_2023_06_05_Study001_Raw Data.mat,3.9712,0.3246,1
E003_0400V_04.00A_G020_2023_06_05_Study002_Raw Data.mat,3.9696,0.3209,1
E003_0400V_04.00A_G021_2023_06_05_Study001_Raw Data.mat,3.9706,0.3594,1
E003_0400V_04.00A_G021_2023_06_05_Study002_Raw Data.mat,3.9703,0.3838,1
E003_0450V_04.50A_G001_2023_06_05_Study001_Raw Data.mat,4.5196,0.4878,1
E003_0450V_04.50A_G001_2023_06_05_Study002_Raw Data.mat,4.4144,,0
E003_0450V_04.50A_G002_2023_06_05_Study001_Raw Data.mat,4.4773,,0
E003_0450V_04.50A_G002_2023_06_05_Study002_Raw Data.mat,4.3972,,0
E003_0450V_04.50A_G003_2023_06_05_Study001_Raw Data.mat,4.5181,1.5164,1
E003_0450V_04.50A_G003_2023_06_05_Study002_Raw Data.mat,4.4782,,0
E003_0450V_04.50A_G004_2023_06_05_Study001_Raw Data.mat,4.4898,0.4896,1
E003_0450V_04.50A_G004_2023_06_05_Study002_Raw Data.mat,4.5115,0.4202,1
E003_0450V_04.50A_G005_2023_06_05_Study001_Raw Data.mat,4.4803,0.7476,1
E003_0450V_04.50A_G005_2023_06_05_Study002_Raw Data.mat,4.4859,0.819,1
E003_0450V_04.50A_G006_2023_06_05_Study001_Raw Data.mat,4.5161,0.8939,1
E003_0450V_04.50A_G006_2023_06_05_Study002_Raw Data.mat,4.515,0.8519,1
E003_0450V_04.50A_G007_2023_06_05_Study001_Raw Data.mat,4.4861,0.404,1
E003_0450V_04.50A_G007_2023_06_05_Study002_Raw Data.mat,4.4842,0.3908,1
E003_0450V_04.50A_G008_2023_06_05_Study001_Raw Data.mat,4.4827,0.5554,1
E003_0450V_04.50A_G008_2023_06_05_Study002_Raw Data.mat,4.5147,0.5061,1
E003_0450V_04.50A_G009_2023_06_05_Study001_Raw Data.mat,4.48,0.7023,1
E003_0450V_04.50A_G009_2023_06_05_Study002_Raw Data.mat,4.5175,0.6429,1
E003_0450V_04.50A_G010_2023_06_05_Study001_Raw Data.mat,4.4783,0.3739,1
E003_0450V_04.50A_G010_2023_06_05_Study002_Raw Data.mat,4.4837,0.3754,1
E003_0450V_04.50A_G011_2023_06_05_Study001_Raw Data.mat,4.4791,0.5054,1
E003_0450V_04.50A_G011_2023_06_05_Study002_Raw Data.mat,4.5166,0.3894,1
E003_0450V_04.50A_G012_2023_06_05_Study001_Raw Data.mat,4.4804,0.5927,1
E003_0450V_04.50A_G012_2023_06_05_Study002_Raw Data.mat,4.4751,0.5957,1
E003_0450V_04.50A_G013_2023_06_05_Study001_Raw Data.mat,4.4838,0.3305,1
E003_0450V_04.50A_G013_2023_06_05_Study002_Raw Data.mat,4.5217,0.3029,1
E003_0450V_04.50A_G014_2023_06_05_Study001_Raw Data.mat,4.4839,0.4762,1
E003_0450V_04.50A_G014_2023_06_05_Study002_Raw Data.mat,4.4868,0.4638,1
E003_0450V_04.50A_G015_2023_06_05_Study001_Raw Data.mat,4.5187,0.4627,1
E003_0450V_04.50A_G015_2023_06_05_Study002_Raw Data.mat,4.4879,0.5434,1
E003_0450V_04.50A_G016_2023_06_05_Study001_Raw Data.mat,4.4816,0.3063,1
E003_0450V_04.50A_G016_2023_06_05_Study002_Raw Data.mat,4.484,0.3125,1
E003_0450V_04.50A_G017_2023_06_05_Study001_Raw Data.mat,4.5172,0.3653,1
E003_0450V_04.50A_G017_2023_06_05_Study002_Raw Data.mat,4.4779,0.415,1
E003_0450V_04.50A_G018_2023_06_05_Study001_Raw Data.mat,4.4822,0.4956,1
E003_0450V_04.50A_G018_2023_06_05_Study002_Raw Data.mat,4.4809,0.4959,1
E003_0450V_04.50A_G019_2023_06_05_Study001_Raw Data.mat,4.4758,0.3022,1
E003_0450V_04.50A_G019_2023_06_05_Study002_Raw Data.mat,4.4779,0.2966,1
E003_0450V_04.50A_G020_2023_06_05_Study001_Raw Data.mat,4.4781,0.3747,1
E003_0450V_04.50A_G020_2023_06_05_Study002_Raw Data.mat,4.4778,0.3829,1
E003_0450V_04.50A_G021_2023_06_05_Study001_Raw Data.mat,4.473,0.4447,1
E003_0450V_04.50A_G021_2023_06_05_Study002_Raw Data.mat,4.4748,0.4358,1
E003_0450V_04.50A_G022_2023_06_05_Study001_Raw Data.mat,4.4826,0.2965,1
E003_0450V_04.50A_G022_2023_06_05_Study002_Raw Data.mat,4.4733,0.2949,1
E003_0450V_04.50A_G023_2023_06_05_Study001_Raw Data.mat,4.4844,0.3404,1
E003_0450V_04.50A_G023_2023_06_05_Study002_Raw Data.mat,4.4811,0.3461,1
E003_0450V_04.50A_G024_2023_06_05_Study001_Raw Data.mat,4.4774,0.4572,1
E003_0450V_04.50A_G024_2023_06_05_Study002_Raw Data.mat,4.4812,0.4402,1
E003_0500V_05.00A_G001_2023_06_05_Study001_Raw Data.mat,5.0335,0.6936,1
E003_0500V_05.00A_G001_2023_06_05_Study002_Raw Data.mat,5.0273,1.7878,1
E003_0500V_05.00A_G002_2023_06_05_Study001_Raw Data.mat,5.0271,1.5988,1
E003_0500V_05.00A_G002_2023_06_05_Study002_Raw Data.mat,4.9922,,0
E003_0500V_05.00A_G003_2023_06_05_Study001_Raw Data.mat,4.9933,,0
E003_0500V_05.00A_G003_2023_06_05_Study002_Raw Data.mat,4.9897,,0
E003_0500V_05.00A_G004_2023_06_05_Study001_Raw Data.mat,4.994,0.6192,1
E003_0500V_05.00A_G004_2023_06_05_Study002_Raw Data.mat,5.0228,0.4663,1
E003_0500V_05.00A_G005_2023_06_05_Study001_Raw Data.mat,4.9863,0.9355,1
E003_0500V_05.00A_G005_2023_06_05_Study002_Raw Data.mat,4.9938,1.0123,1
E003_0500V_05.00A_G006_2023_06_05_Study001_Raw Data.mat,4.9953,1.4144,1
E003_0500V_05.00A_G006_2023_06_05_Study002_Raw Data.mat,4.9933,1.478,1
E003_0500V_05.00A_G007_2023_06_05_Study001_Raw Data.mat,4.9968,0.4619,1
E003_0500V_05.00A_G007_2023_06_05_Study002_Raw Data.mat,4.9928,0.4727,1
E003_0500V_05.00A_G008_2023_06_05_Study001_Raw Data.mat,4.9911,0.8027,1
E003_0500V_05.00A_G008_2023_06_05_Study002_Raw Data.mat,4.9911,0.6264,1
E003_0500V_05.00A_G009_2023_06_05_Study001_Raw Data.mat,4.9908,0.8496,1
E003_0500V_05.00A_G009_2023_06_05_Study002_Raw Data.mat,4.9911,1.0277,1
E003_0500V_05.00A_G010_2023_06_05_Study001_Raw Data.mat,4.9903,0.3802,1
E003_0500V_05.00A_G010_2023_06_05_Study002_Raw Data.mat,4.995,0.4722,1
E003_0500V_05.00A_G011_2023_06_05_Study001_Raw Data.mat,4.9986,0.5886,1
E003_0500V_05.00A_G011_2023_06_05_Study002_Raw Data.mat,4.9956,0.544,1
E003_0500V_05.00A_G012_2023_06_05_Study001_Raw Data.mat,4.9971,0.7311,1
E003_0500V_05.00A_G012_2023_06_05_Study002_Raw Data.mat,4.9936,0.7933,1
E003_0500V_05.00A_G013_2023_06_05_Study001_Raw Data.mat,4.99,0.3809,1
E003_0500V_05.00A_G013_2023_06_05_Study002_Raw Data.mat,4.988,0.3482,1
E003_0500V_05.00A_G014_2023_06_05_Study001_Raw Data.mat,4.9907,0.4922,1
E003_0500V_05.00A_G014_2023_06_05_Study002_Raw Data.mat,4.9978,0.5179,1
E003_0500V_05.00A_G015_2023_06_05_Study001_Raw Data.mat,5.0414,0.6212,1
E003_0500V_05.00A_G015_2023_06_05_Study002_Raw Data.mat,5.0355,0.5403,1
E003_0500V_05.00A_G016_2023_06_05_Study001_Raw Data.mat,5.0361,0.2907,1
E003_0500V_05.00A_G016_2023_06_05_Study002_Raw Data.mat,5.0332,0.3104,1
E003_0500V_05.00A_G017_2023_06_05_Study001_Raw Data.mat,5.0308,0.4069,1
E003_0500V_05.00A_G017_2023_06_05_Study002_Raw Data.mat,5.0223,0.4239,1
E003_0500V_05.00A_G018_2023_06_05_Study001_Raw Data.mat,5.0347,0.4711,1
E003_0500V_05.00A_G018_2023_06_05_Study002_Raw Data.mat,5.0346,0.4945,1
E003_0500V_05.00A_G019_2023_06_05_Study001_Raw Data.mat,4.9986,0.35,1
E003_0500V_05.00A_G019_2023_06_05_Study002_Raw Data.mat,5.0037,0.3481,1
E003_0500V_05.00A_G020_2023_06_05_Study001_Raw Data.mat,5.0257,0.3692,1
E003_0500V_05.00A_G020_2023_06_05_Study002_Raw Data.mat,5.0248,0.3793,1
E003_0500V_05.00A_G021_2023_06_05_Study001_Raw Data.mat,4.9906,0.578,1
E003_0500V_05.00A_G021_2023_06_05_Study002_Raw Data.mat,4.9937,0.5267,1
E003_0500V_05.00A_G022_2023_06_05_Study001_Raw Data.mat,5.012,0.3181,1
E003_0500V_05.00A_G022_2023_06_05_Study002_Raw Data.mat,5.002,0.3294,1
E003_0500V_05.00A_G023_2023_06_05_Study001_Raw Data.mat,4.9912,0.4426,1
E003_0500V_05.00A_G023_2023_06_05_Study002_Raw Data.mat,5.0102,0.3945,1
E003_0500V_05.00A_G024_2023_06_05_Study001_Raw Data.mat,4.9997,0.5081,1
E003_0500V_05.00A_G024_2023_06_05_Study002_Raw Data.mat,5.0315,0.4372,1
E003_0500V_05.00A_G025_2023_06_05_Study001_Raw Data.mat,4.9995,0.3212,1
E003_0500V_05.00A_G025_2023_06_05_Study002_Raw Data.mat,4.9937,0.3249,1
E003_0500V_05.00A_G026_2023_06_05_Study001_Raw Data.mat,4.9944,0.3875,1
E003_0500V_05.00A_G026_2023_06_05_Study002_Raw Data.mat,4.9923,0.4133,1
E003_0500V_05.00A_G027_2023_06_05_Study001_Raw Data.mat,4.9955,0.4792,1
E003_0500V_05.00A_G027_2023_06_05_Study002_Raw Data.mat,4.9977,0.5035,1
E004_0150V_01.50A_G001_2023_06_08_Study001_Raw Data (1).mat,1.4917,0.3111,1
E004_0150V_01.50A_G001_2023_06_08_Study002_Raw Data (1).mat,1.4925,0.316,1
E004_0150V_01.50A_G002_2023_06_08_Study001_Raw Data (1).mat,1.4943,0.4499,1
E004_0150V_01.50A_G002_2023_06_08_Study002_Raw Data (1).mat,1.4804,0.6982,1
E004_0150V_01.50A_G003_2023_06_08_Study001_Raw Data (1).mat,1.489,0.7715,1
E004_0150V_01.50A_G003_2023_06_08_Study002_Raw Data (1).mat,1.4798,0.5744,1
E004_0150V_01.50A_G004_2023_06_08_Study001_Raw Data (1).mat,1.4764,0.3958,1
E004_0150V_01.50A_G004_2023_06_08_Study002_Raw Data (1).mat,1.4769,0.2692,1
E004_0150V_01.50A_G005_2023_06_08_Study001_Raw Data (1).mat,1.4812,0.3401,1
E004_0150V_01.50A_G005_2023_06_08_Study002_Raw Data (1).mat,1.4728,0.3307,1
E004_0150V_01.50A_G006_2023_06_08_Study001_Raw Data (1).mat,1.4803,0.4012,1
E004_0150V_01.50A_G006_2023_06_08_Study002_Raw Data (1).mat,1.4763,0.3993,1
E004_0150V_01.50A_G007_2023_06_08_Study001_Raw Data (1).mat,1.4758,0.2427,1
E004_0150V_01.50A_G007_2023_06_08_Study002_Raw Data (1).mat,1.4783,0.2429,1
E004_0150V_01.50A_G008_2023_06_08_Study001_Raw Data (1).mat,1.4791,0.4406,1
E004_0150V_01.50A_G008_2023_06_08_Study002_Raw Data (1).mat,1.4722,0.2784,1
E004_0150V_01.50A_G009_2023_06_08_Study001_Raw Data (1).mat,1.4764,0.3188,1
E004_0150V_01.50A_G009_2023_06_08_Study002_Raw Data (1).mat,1.4646,0.3726,1
E004_0150V_01.50A_G001_2023_06_08_Study001_Raw Data.mat,1.4917,0.3111,1
E004_0150V_01.50A_G001_2023_06_08_Study002_Raw Data.mat,1.4925,0.316,1
E004_0150V_01.50A_G002_2023_06_08_Study001_Raw Data.mat,1.4943,0.4499,1
E004_0150V_01.50A_G002_2023_06_08_Study002_Raw Data.mat,1.4804,0.6982,1
E004_0150V_01.50A_G003_2023_06_08_Study001_Raw Data.mat,1.489,0.7715,1
E004_0150V_01.50A_G003_2023_06_08_Study002_Raw Data.mat,1.4798,0.5744,1
E004_0150V_01.50A_G004_2023_06_08_Study001_Raw Data.mat,1.4764,0.3958,1
E004_0150V_01.50A_G004_2023_06_08_Study002_Raw Data.mat,1.4769,0.2692,1
E004_0150V_01.50A_G005_2023_06_08_Study001_Raw Data.mat,1.4812,0.3401,1
E004_0150V_01.50A_G005_2023_06_08_Study002_Raw Data.mat,1.4728,0.3307,1
E004_0150V_01.50A_G006_2023_06_08_Study001_Raw Data.mat,1.4803,0.4012,1
E004_0150V_01.50A_G006_2023_06_08_Study002_Raw Data.mat,1.4763,0.3993,1
E004_0150V_01.50A_G007_2023_06_08_Study001_Raw Data.mat,1.4758,0.2427,1
E004_0150V_01.50A_G007_2023_06_08_Study002_Raw Data.mat,1.4783,0.2429,1
E004_0150V_01.50A_G008_2023_06_08_Study001_Raw Data.mat,1.4791,0.4406,1
E004_0150V_01.50A_G008_2023_06_08_Study002_Raw Data.mat,1.4722,0.2784,1
E004_0150V_01.50A_G009_2023_06_08_Study001_Raw Data.mat,1.4764,0.3188,1
E004_0150V_01.50A_G009_2023_06_08_Study002_Raw Data.mat,1.4646,0.3726,1
E004_0200V_02.00A_G001_2023_06_11_Study001_Raw Data (1).mat,1.9853,0.3082,1
E004_0200V_02.00A_G001_2023_06_11_Study002_Raw Data (1).mat,1.9777,0.3168,1
E004_0200V_02.00A_G002_2023_06_11_Study001_Raw Data (1).mat,1.9837,0.4329,1
E004_0200V_02.00A_G002_2023_06_11_Study002_Raw Data (1).mat,1.9725,0.3011,1
E004_0200V_02.00A_G003_2023_06_11_Study001_Raw Data (1).mat,1.9843,0.4539,1
E004_0200V_02.00A_G003_2023_06_11_Study002_Raw Data (1).mat,1.9804,0.5038,1
E004_0200V_02.00A_G004_2023_06_11_Study001_Raw Data (1).mat,1.9814,0.241,1
E004_0200V_02.00A_G004_2023_06_11_Study002_Raw Data (1).mat,1.9774,0.2455,1
E004_0200V_02.00A_G005_2023_06_11_Study001_Raw Data (1).mat,1.9784,0.2841,1
E004_0200V_02.00A_G005_2023_06_11_Study002_Raw Data (1).mat,1.9765,0.294,1
E004_0200V_02.00A_G006_2023_06_11_Study001_Raw Data (1).mat,1.9772,0.3386,1
E004_0200V_02.00A_G006_2023_06_11_Study002_Raw Data (1).mat,1.9696,0.3531,1
E004_0200V_02.00A_G007_2023_06_11_Study001_Raw Data (1).mat,1.9765,0.2492,1
E004_0200V_02.00A_G007_2023_06_11_Study002_Raw Data (1).mat,1.9767,0.2484,1
E004_0200V_02.00A_G008_2023_06_11_Study001_Raw Data (1).mat,1.9741,0.2821,1
E004_0200V_02.00A_G008_2023_06_11_Study002_Raw Data (1).mat,1.9827,0.2937,1
E004_0200V_02.00A_G009_2023_06_11_Study001_Raw Data (1).mat,1.9786,0.3412,1
E004_0200V_02.00A_G009_2023_06_11_Study002_Raw Data (1).mat,1.9741,0.2964,1
E004_0200V_02.00A_G001_2023_06_11_Study001_Raw Data.mat,1.9853,0.3082,1
E004_0200V_02.00A_G001_2023_06_11_Study002_Raw Data.mat,1.9777,0.3168,1
E004_0200V_02.00A_G002_2023_06_11_Study001_Raw Data.mat,1.9837,0.4329,1
E004_0200V_02.00A_G002_2023_06_11_Study002_Raw Data.mat,1.9725,0.3011,1
E004_0200V_02.00A_G003_2023_06_11_Study001_Raw Data.mat,1.9843,0.4539,1
E004_0200V_02.00A_G003_2023_06_11_Study002_Raw Data.mat,1.9804,0.5038,1
E004_0200V_02.00A_G004_2023_06_11_Study001_Raw Data.mat,1.9814,0.241,1
E004_0200V_02.00A_G004_2023_06_11_Study002_Raw Data.mat,1.9774,0.2455,1
E004_0200V_02.00A_G005_2023_06_11_Study001_Raw Data.mat,1.9784,0.2841,1
E004_0200V_02.00A_G005_2023_06_11_Study002_Raw Data.mat,1.9765,0.294,1
E004_0200V_02.00A_G006_2023_06_11_Study001_Raw Data.mat,1.9772,0.3386,1
E004_0200V_02.00A_G006_2023_06_11_Study002_Raw Data.mat,1.9696,0.3531,1
E004_0200V_02.00A_G007_2023_06_11_Study001_Raw Data.mat,1.9765,0.2492,1
E004_0200V_02.00A_G007_2023_06_11_Study002_Raw Data.mat,1.9767,0.2484,1
E004_0200V_02.00A_G008_2023_06_11_Study001_Raw Data.mat,1.9741,0.2821,1
E004_0200V_02.00A_G008_2023_06_11_Study002_Raw Data.mat,1.9827,0.2937,1
E004_0200V_02.00A_G009_2023_06_11_Study001_Raw Data.mat,1.9786,0.3412,1
E004_0200V_02.00A_G009_2023_06_11_Study002_Raw Data.mat,1.9741,0.2964,1
E004_0250V_02.50A_G001_2023_06_11_Study001_Raw Data (1).mat,2.4811,0.2855,1
E004_0250V_02.50A_G001_2023_06_11_Study002_Raw Data (1).mat,2.4829,0.2752,1
E004_0250V_02.50A_G002_2023_06_11_Study001_Raw Data (1).mat,2.4824,0.3832,1
E004_0250V_02.50A_G002_2023_06_11_Study002_Raw Data (1).mat,2.4769,0.3877,1
E004_0250V_02.50A_G003_2023_06_11_Study001_Raw Data (1).mat,2.4858,0.4838,1
E004_0250V_02.50A_G003_2023_06_11_Study002_Raw Data (1).mat,2.482,0.5227,1
E004_0250V_02.50A_G004_2023_06_11_Study001_Raw Data (1).mat,2.4848,0.2488,1
E004_0250V_02.50A_G004_2023_06_11_Study002_Raw Data (1).mat,2.4888,0.2509,1
E004_0250V_02.50A_G005_2023_06_11_Study001_Raw Data (1).mat,2.4892,0.3265,1
E004_0250V_02.50A_G005_2023_06_11_Study002_Raw Data (1).mat,2.4881,0.3191,1
E004_0250V_02.50A_G006_2023_06_11_Study001_Raw Data (1).mat,2.4891,0.404,1
E004_0250V_02.50A_G006_2023_06_11_Study002_Raw Data (1).mat,2.4904,0.3429,1
E004_0250V_02.50A_G007_2023_06_11_Study001_Raw Data (1).mat,2.4932,0.2433,1
E004_0250V_02.50A_G007_2023_06_11_Study002_Raw Data (1).mat,2.4923,0.2446,1
E004_0250V_02.50A_G008_2023_06_11_Study001_Raw Data (1).mat,2.4907,0.2834,1
E004_0250V_02.50A_G008_2023_06_11_Study002_Raw Data (1).mat,2.4873,0.2867,1
E004_0250V_02.50A_G009_2023_06_11_Study001_Raw Data (1).mat,2.487,0.3255,1
E004_0250V_02.50A_G009_2023_06_11_Study002_Raw Data (1).mat,2.4927,0.3273,1
E004_0250V_02.50A_G010_2023_06_11_Study001_Raw Data (1).mat,2.4911,0.246,1
E004_0250V_02.50A_G010_2023_06_11_Study002_Raw Data (1).mat,2.4892,0.2437,1
E004_0250V_02.50A_G011_2023_06_11_Study001_Raw Data (1).mat,2.4872,0.2626,1
E004_0250V_02.50A_G011_2023_06_11_Study002_Raw Data (1).mat,2.4888,0.2841,1
E004_0250V_02.50A_G012_2023_06_11_Study001_Raw Data (1).mat,2.4895,0.3155,1
E004_0250V_02.50A_G012_2023_06_11_Study002_Raw Data (1).mat,2.485,0.3195,1
E004_0250V_02.50A_G001_2023_06_11_Study001_Raw Data.mat,2.4811,0.2855,1
E004_0250V_02.50A_G001_2023_06_11_Study002_Raw Data.mat,2.4829,0.2752,1
E004_0250V_02.50A_G002_2023_06_11_Study001_Raw Data.mat,2.4824,0.3832,1
E004_0250V_02.50A_G002_2023_06_11_Study002_Raw Data.mat,2.4769,0.3877,1
E004_0250V_02.50A_G003_2023_06_11_Study001_Raw Data.mat,2.4858,0.4838,1
E004_0250V_02.50A_G003_2023_06_11_Study002_Raw Data.mat,2.482,0.5227,1
E004_0250V_02.50A_G004_2023_06_11_Study001_Raw Data.mat,2.4848,0.2488,1
E004_0250V_02.50A_G004_2023_06_11_Study002_Raw Data.mat,2.4888,0.2509,1
E004_0250V_02.50A_G005_2023_06_11_Study001_Raw Data.mat,2.4892,0.3265,1
E004_0250V_02.50A_G005_2023_06_11_Study002_Raw Data.mat,2.4881,0.3191,1
E004_0250V_02.50A_G006_2023_06_11_Study001_Raw Data.mat,2.4891,0.404,1
E004_0250V_02.50A_G006_2023_06_11_Study002_Raw Data.mat,2.4904,0.3429,1
E004_0250V_02.50A_G007_2023_06_11_Study001_Raw Data.mat,2.4932,0.2433,1
E004_0250V_02.50A_G007_2023_06_11_Study002_Raw Data.mat,2.4923,0.2446,1
E004_0250V_02.50A_G008_2023_06_11_Study001_Raw Data.mat,2.4907,0.2834,1
E004_0250V_02.50A_G008_2023_06_11_Study002_Raw Data.mat,2.4873,0.2867,1
E004_0250V_02.50A_G009_2023_06_11_Study001_Raw Data.mat,2.487,0.3255,1
E004_0250V_02.50A_G009_2023_06_11_Study002_Raw Data.mat,2.4927,0.3273,1
E004_0250V_02.50A_G010_2023_06_11_Study001_Raw Data.mat,2.4911,0.246,1
E004_0250V_02.50A_G010_2023_06_11_Study002_Raw Data.mat,2.4892,0.2437,1
E004_0250V_02.50A_G011_2023_06_11_Study001_Raw Data.mat,2.4872,0.2626,1
E004_0250V_02.50A_G011_2023_06_11_Study002_Raw Data.mat,2.4888,0.2841,1
E004_0250V_02.50A_G012_2023_06_11_Study001_Raw Data.mat,2.4895,0.3155,1
E004_0250V_02.50A_G012_2023_06_11_Study002_Raw Data.mat,2.485,0.3195,1
E004_0300V_03.00A_G001_2023_06_11_Study001_Raw Data (1).mat,3.0111,0.2398,1
E004_0300V_03.00A_G001_2023_06_11_Study002_Raw Data (1).mat,3.0017,0.3332,1
E004_0300V_03.00A_G002_2023_06_11_Study001_Raw Data (1).mat,2.9878,0.4553,1
E004_0300V_03.00A_G002_2023_06_11_Study002_Raw Data (1).mat,2.982,0.4842,1
E004_0300V_03.00A_G003_2023_06_11_Study001_Raw Data (1).mat,2.987,0.5327,1
E004_0300V_03.00A_G003_2023_06_11_Study002_Raw Data (1).mat,2.9939,0.5555,1
E004_0300V_03.00A_G004_2023_06_11_Study001_Raw Data (1).mat,2.9858,0.2732,1
E004_0300V_03.00A_G004_2023_06_11_Study002_Raw Data (1).mat,2.9917,0.2672,1
E004_0300V_03.00A_G005_2023_06_11_Study001_Raw Data (1).mat,2.9915,0.3497,1
E004_0300V_03.00A_G005_2023_06_11_Study002_Raw Data (1).mat,2.9927,0.3566,1
E004_0300V_03.00A_G006_2023_06_11_Study001_Raw Data (1).mat,2.9952,0.4142,1
E004_0300V_03.00A_G006_2023_06_11_Study002_Raw Data (1).mat,2.9953,0.4403,1
E004_0300V_03.00A_G007_2023_06_11_Study001_Raw Data (1).mat,2.9934,0.2527,1
E004_0300V_03.00A_G007_2023_06_11_Study002_Raw Data (1).mat,2.995,0.2667,1
E004_0300V_03.00A_G008_2023_06_11_Study001_Raw Data (1).mat,2.99,0.323,1
E004_0300V_03.00A_G008_2023_06_11_Study002_Raw Data (1).mat,2.9891,0.342,1
E004_0300V_03.00A_G009_2023_06_11_Study001_Raw Data (1).mat,2.9954,0.3871,1
E004_0300V_03.00A_G009_2023_06_11_Study002_Raw Data (1).mat,2.9915,0.34,1
E004_0300V_03.00A_G010_2023_06_11_Study001_Raw Data (1).mat,2.9992,0.2509,1
E004_0300V_03.00A_G010_2023_06_11_Study002_Raw Data (1).mat,2.9981,0.2575,1
E004_0300V_03.00A_G011_2023_06_11_Study001_Raw Data (1).mat,2.992,0.3094,1
E004_0300V_03.00A_G011_2023_06_11_Study002_Raw Data (1).mat,2.9933,0.3101,1
E004_0300V_03.00A_G012_2023_06_11_Study001_Raw Data (1).mat,2.9891,0.3337,1
E004_0300V_03.00A_G012_2023_06_11_Study002_Raw Data (1).mat,2.9886,0.2992,1
E004_0300V_03.00A_G013_2023_06_11_Study001_Raw Data (1).mat,2.9946,0.2476,1
E004_0300V_03.00A_G013_2023_06_11_Study002_Raw Data (1).mat,2.998,0.2436,1
E004_0300V_03.00A_G014_2023_06_11_Study001_Raw Data (1).mat,2.9973,0.2888,1
E004_0300V_03.00A_G014_2023_06_11_Study002_Raw Data (1).mat,2.9994,0.2738,1
E004_0300V_03.00A_G015_2023_06_11_Study001_Raw Data (1).mat,2.9957,0.325,1
E004_0300V_03.00A_G015_2023_06_11_Study002_Raw Data (1).mat,2.9962,0.2965,1
E004_0300V_03.00A_G001_2023_06_11_Study001_Raw Data.mat,3.0111,0.2398,1
E004_0300V_03.00A_G001_2023_06_11_Study002_Raw Data.mat,3.0017,0.3332,1
E004_0300V_03.00A_G002_2023_06_11_Study001_Raw Data.mat,2.9878,0.4553,1
E004_0300V_03.00A_G002_2023_06_11_Study002_Raw Data.mat,2.982,0.4842,1
E004_0300V_03.00A_G003_2023_06_11_Study001_Raw Data.mat,2.987,0.5327,1
E004_0300V_03.00A_G003_2023_06_11_Study002_Raw Data.mat,2.9939,0.5555,1
E004_0300V_03.00A_G004_2023_06_11_Study001_Raw Data.mat,2.9858,0.2732,1
E004_0300V_03.00A_G004_2023_06_11_Study002_Raw Data.mat,2.9917,0.2672,1
E004_0300V_03.00A_G005_2023_06_11_Study001_Raw Data.mat,2.9915,0.3497,1
E004_0300V_03.00A_G005_2023_06_11_Study002_Raw Data.mat,2.9927,0.3566,1
E004_0300V_03.00A_G006_2023_06_11_Study001_Raw Data.mat,2.9952,0.4142,1
E004_0300V_03.00A_G006_2023_06_11_Study002_Raw Data.mat,2.9953,0.4403,1
E004_0300V_03.00A_G007_2023_06_11_Study001_Raw Data.mat,2.9934,0.2527,1
E004_0300V_03.00A_G007_2023_06_11_Study002_Raw Data.mat,2.995,0.2667,1
E004_0300V_03.00A_G008_2023_06_11_Study001_Raw Data.mat,2.99,0.323,1
E004_0300V_03.00A_G008_2023_06_11_Study002_Raw Data.mat,2.9891,0.342,1
E004_0300V_03.00A_G009_2023_06_11_Study001_Raw Data.mat,2.9954,0.3871,1
E004_0300V_03.00A_G009_2023_06_11_Study002_Raw Data.mat,2.9915,0.34,1
E004_0300V_03.00A_G010_2023_06_11_Study001_Raw Data.mat,2.9992,0.2509,1
E004_0300V_03.00A_G010_2023_06_11_Study002_Raw Data.mat,2.9981,0.2575,1
E004_0300V_03.00A_G011_2023_06_11_Study001_Raw Data.mat,2.992,0.3094,1
E004_0300V_03.00A_G011_2023_06_11_Study002_Raw Data.mat,2.9933,0.3101,1
E004_0300V_03.00A_G012_2023_06_11_Study001_Raw Data.mat,2.9891,0.3337,1
E004_0300V_03.00A_G012_2023_06_11_Study002_Raw Data.mat,2.9886,0.2992,1
E004_0300V_03.00A_G013_2023_06_11_Study001_Raw Data.mat,2.9946,0.2476,1
E004_0300V_03.00A_G013_2023_06_11_Study002_Raw Data.mat,2.998,0.2436,1
E004_0300V_03.00A_G014_2023_06_11_Study001_Raw Data.mat,2.9973,0.2888,1
E004_0300V_03.00A_G014_2023_06_11_Study002_Raw Data.mat,2.9994,0.2738,1
E004_0300V_03.00A_G015_2023_06_11_Study001_Raw Data.mat,2.9957,0.325,1
E004_0300V_03.00A_G015_2023_06_11_Study002_Raw Data.mat,2.9962,0.2965,1
E004_0350V_03.50A_G001_2023_06_11_Study001_Raw Data (1).mat,3.4927,0.5098,1
E004_0350V_03.50A_G001_2023_06_11_Study002_Raw Data (1).mat,3.5032,0.4716,1
E004_0350V_03.50A_G002_2023_06_11_Study001_Raw Data (1).mat,3.505,0.756,1
E004_0350V_03.50A_G002_2023_06_11_Study002_Raw Data (1).mat,3.5031,0.7007,1
E004_0350V_03.50A_G003_2023_06_11_Study001_Raw Data (1).mat,3.5018,0.9742,1
E004_0350V_03.50A_G003_2023_06_11_Study002_Raw Data (1).mat,3.4926,1.1386,1
E004_0350V_03.50A_G004_2023_06_11_Study001_Raw Data (1).mat,3.5135,0.3265,1
E004_0350V_03.50A_G004_2023_06_11_Study002_Raw Data (1).mat,3.4932,0.3708,1
E004_0350V_03.50A_G005_2023_06_11_Study001_Raw Data (1).mat,3.5068,0.452,1
E004_0350V_03.50A_G005_2023_06_11_Study002_Raw Data (1).mat,3.5024,0.4463,1
E004_0350V_03.50A_G006_2023_06_11_Study001_Raw Data (1).mat,3.4945,0.6421,1
E004_0350V_03.50A_G006_2023_06_11_Study002_Raw Data (1).mat,3.4941,0.7543,1
E004_0350V_03.50A_G007_2023_06_11_Study001_Raw Data (1).mat,3.5169,0.2535,1
E004_0350V_03.50A_G007_2023_06_11_Study002_Raw Data (1).mat,3.4911,0.3068,1
E004_0350V_03.50A_G008_2023_06_11_Study001_Raw Data (1).mat,3.5115,0.3458,1
E004_0350V_03.50A_G008_2023_06_11_Study002_Raw Data (1).mat,3.5086,0.3779,1
E004_0350V_03.50A_G009_2023_06_11_Study001_Raw Data (1).mat,3.4925,0.5806,1
E004_0350V_03.50A_G009_2023_06_11_Study002_Raw Data (1).mat,3.4939,0.5309,1
E004_0350V_03.50A_G010_2023_06_11_Study001_Raw Data (1).mat,3.507,0.2956,1
E004_0350V_03.50A_G010_2023_06_11_Study002_Raw Data (1).mat,3.5086,0.2863,1
E004_0350V_03.50A_G011_2023_06_11_Study001_Raw Data (1).mat,3.5129,0.353,1
E004_0350V_03.50A_G011_2023_06_11_Study002_Raw Data (1).mat,3.5052,0.3604,1
E004_0350V_03.50A_G012_2023_06_11_Study001_Raw Data (1).mat,3.4981,0.4689,1
E004_0350V_03.50A_G012_2023_06_11_Study002_Raw Data (1).mat,3.4948,0.4494,1
E004_0350V_03.50A_G013_2023_06_11_Study001_Raw Data (1).mat,3.4974,0.268,1
E004_0350V_03.50A_G013_2023_06_11_Study002_Raw Data (1).mat,3.4961,0.267,1
E004_0350V_03.50A_G014_2023_06_11_Study001_Raw Data (1).mat,3.4992,0.3377,1
E004_0350V_03.50A_G014_2023_06_11_Study002_Raw Data (1).mat,3.4923,0.3587,1
E004_0350V_03.50A_G015_2023_06_11_Study001_Raw Data (1).mat,3.4907,0.4199,1
E004_0350V_03.50A_G015_2023_06_11_Study002_Raw Data (1).mat,3.4923,0.3832,1
E004_0350V_03.50A_G016_2023_06_11_Study001_Raw Data (1).mat,3.498,0.2614,1
E004_0350V_03.50A_G016_2023_06_11_Study002_Raw Data (1).mat,3.5019,0.268,1
E004_0350V_03.50A_G017_2023_06_11_Study001_Raw Data (1).mat,3.5036,0.3115,1
E004_0350V_03.50A_G017_2023_06_11_Study002_Raw Data (1).mat,3.5032,0.3205,1
E004_0350V_03.50A_G018_2023_06_11_Study001_Raw Data (1).mat,3.5118,0.3293,1
E004_0350V_03.50A_G018_2023_06_11_Study002_Raw Data (1).mat,3.5021,0.3712,1
E004_0350V_03.50A_G001_2023_06_11_Study001_Raw Data.mat,3.4927,0.5098,1
E004_0350V_03.50A_G001_2023_06_11_Study002_Raw Data.mat,3.5032,0.4716,1
E004_0350V_03.50A_G002_2023_06_11_Study001_Raw Data.mat,3.505,0.756,1
E004_0350V_03.50A_G002_2023_06_11_Study002_Raw Data.mat,3.5031,0.7007,1
E004_0350V_03.50A_G003_2023_06_11_Study001_Raw Data.mat,3.5018,0.9742,1
E004_0350V_03.50A_G003_2023_06_11_Study002_Raw Data.mat,3.4926,1.1386,1
E004_0350V_03.50A_G004_2023_06_11_Study001_Raw Data.mat,3.5135,0.3265,1
E004_0350V_03.50A_G004_2023_06_11_Study002_Raw Data.mat,3.4932,0.3708,1
E004_0350V_03.50A_G005_2023_06_11_Study001_Raw Data.mat,3.5068,0.452,1
E004_0350V_03.50A_G005_2023_06_11_Study002_Raw Data.mat,3.5024,0.4463,1
E004_0350V_03.50A_G006_2023_06_11_Study001_Raw Data.mat,3.4945,0.6421,1
E004_0350V_03.50A_G006_2023_06_11_Study002_Raw Data.mat,3.4941,0.7543,1
E004_0350V_03.50A_G007_2023_06_11_Study001_Raw Data.mat,3.5169,0.2535,1
E004_0350V_03.50A_G007_2023_06_11_Study002_Raw Data.mat,3.4911,0.3068,1
E004_0350V_03.50A_G008_2023_06_11_Study001_Raw Data.mat,3.5115,0.3458,1
E004_0350V_03.50A_G008_2023_06_11_Study002_Raw Data.mat,3.5086,0.3779,1
E004_0350V_03.50A_G009_2023_06_11_Study001_Raw Data.mat,3.4925,0.5806,1
E004_0350V_03.50A_G009_2023_06_11_Study002_Raw Data.mat,3.4939,0.5309,1
E004_0350V_03.50A_G010_2023_06_11_Study001_Raw Data.mat,3.507,0.2956,1
E004_0350V_03.50A_G010_2023_06_11_Study002_Raw Data.mat,3.5086,0.2863,1
E004_0350V_03.50A_G011_2023_06_11_Study001_Raw Data.mat,3.5129,0.353,1
E004_0350V_03.50A_G011_2023_06_11_Study002_Raw Data.mat,3.5052,0.3604,1
E004_0350V_03.50A_G012_2023_06_11_Study001_Raw Data.mat,3.4981,0.4689,1
E004_0350V_03.50A_G012_2023_06_11_Study002_Raw Data.mat,3.4948,0.4494,1
E004_0350V_03.50A_G013_2023_06_11_Study001_Raw Data.mat,3.4974,0.268,1
E004_0350V_03.50A_G013_2023_06_11_Study002_Raw Data.mat,3.4961,0.267,1
E004_0350V_03.50A_G014_2023_06_11_Study001_Raw Data.mat,3.4992,0.3377,1
E004_0350V_03.50A_G014_2023_06_11_Study002_Raw Data.mat,3.4923,0.3587,1
E004_0350V_03.50A_G015_2023_06_11_Study001_Raw Data.mat,3.4907,0.4199,1
E004_0350V_03.50A_G015_2023_06_11_Study002_Raw Data.mat,3.4923,0.3832,1
E004_0350V_03.50A_G016_2023_06_11_Study001_Raw Data.mat,3.498,0.2614,1
E004_0350V_03.50A_G016_2023_06_11_Study002_Raw Data.mat,3.5019,0.268,1
E004_0350V_03.50A_G017_2023_06_11_Study001_Raw Data.mat,3.5036,0.3115,1
E004_0350V_03.50A_G017_2023_06_11_Study002_Raw Data.mat,3.5032,0.3205,1
E004_0350V_03.50A_G018_2023_06_11_Study001_Raw Data.mat,3.5118,0.3293,1
E004_0350V_03.50A_G018_2023_06_11_Study002_Raw Data.mat,3.5021,0.3712,1
E004_0400V_04.00A_G001_2023_06_12_Study001_Raw Data (1).mat,4.0219,0.549,1
E004_0400V_04.00A_G001_2023_06_12_Study002_Raw Data (1).mat,4.0185,1.2166,1
E004_0400V_04.00A_G002_2023_06_12_Study001_Raw Data (1).mat,4.018,1.5524,1
E004_0400V_04.00A_G002_2023_06_12_Study002_Raw Data (1).mat,4.0199,1.4961,1
E004_0400V_04.00A_G003_2023_06_12_Study001_Raw Data (1).mat,4.0231,1.6345,1
E004_0400V_04.00A_G003_2023_06_12_Study002_Raw Data (1).mat,4.0282,1.5588,1
E004_0400V_04.00A_G004_2023_06_12_Study001_Raw Data (1).mat,4.0162,0.3853,1
E004_0400V_04.00A_G004_2023_06_12_Study002_Raw Data (1).mat,4.0107,0.4351,1
E004_0400V_04.00A_G005_2023_06_12_Study001_Raw Data (1).mat,4.0151,0.6564,1
E004_0400V_04.00A_G005_2023_06_12_Study002_Raw Data (1).mat,4.0104,0.7604,1
E004_0400V_04.00A_G006_2023_06_12_Study001_Raw Data (1).mat,4.0305,0.9072,1
E004_0400V_04.00A_G006_2023_06_12_Study002_Raw Data (1).mat,4.0227,0.867,1
E004_0400V_04.00A_G007_2023_06_12_Study001_Raw Data (1).mat,4.0197,0.3719,1
E004_0400V_04.00A_G007_2023_06_12_Study002_Raw Data (1).mat,4.0156,0.37,1
E004_0400V_04.00A_G008_2023_06_12_Study001_Raw Data (1).mat,4.0093,0.5329,1
E004_0400V_04.00A_G008_2023_06_12_Study002_Raw Data (1).mat,4.0107,0.5723,1
E004_0400V_04.00A_G009_2023_06_12_Study001_Raw Data (1).mat,4.0182,0.7001,1
E004_0400V_04.00A_G009_2023_06_12_Study002_Raw Data (1).mat,4.0144,0.5908,1
E004_0400V_04.00A_G010_2023_06_12_Study001_Raw Data (1).mat,4.011,0.3528,1
E004_0400V_04.00A_G010_2023_06_12_Study002_Raw Data (1).mat,4.0174,0.336,1
E004_0400V_04.00A_G011_2023_06_12_Study001_Raw Data (1).mat,4.013,0.439,1
E004_0400V_04.00A_G011_2023_06_12_Study002_Raw Data (1).mat,4.0145,0.3795,1
E004_0400V_04.00A_G012_2023_06_12_Study001_Raw Data (1).mat,4.0128,0.5583,1
E004_0400V_04.00A_G012_2023_06_12_Study002_Raw Data (1).mat,4.0074,0.6054,1
E004_0400V_04.00A_G013_2023_06_12_Study001_Raw Data (1).mat,4.0282,0.2537,1
E004_0400V_04.00A_G013_2023_06_12_Study002_Raw Data (1).mat,4.0252,0.2747,1
E004_0400V_04.00A_G014_2023_06_12_Study001_Raw Data (1).mat,4.0304,0.3427,1
E004_0400V_04.00A_G014_2023_06_12_Study002_Raw Data (1).mat,4.0207,0.339,1
E004_0400V_04.00A_G015_2023_06_12_Study001_Raw Data (1).mat,4.0239,0.4538,1
E004_0400V_04.00A_G015_2023_06_12_Study002_Raw Data (1).mat,4.0227,0.4624,1
E004_0400V_04.00A_G016_2023_06_12_Study001_Raw Data (1).mat,4.0268,0.2684,1
E004_0400V_04.00A_G016_2023_06_12_Study002_Raw Data (1).mat,4.0222,0.2755,1
E004_0400V_04.00A_G017_2023_06_12_Study001_Raw Data (1).mat,4.0106,0.3574,1
E004_0400V_04.00A_G017_2023_06_12_Study002_Raw Data (1).mat,4.0064,0.3934,1
E004_0400V_04.00A_G018_2023_06_12_Study001_Raw Data (1).mat,4.0149,0.474,1
E004_0400V_04.00A_G018_2023_06_12_Study002_Raw Data (1).mat,4.0186,0.427,1
E004_0400V_04.00A_G019_2023_06_12_Study001_Raw Data (1).mat,4.0178,0.2745,1
E004_0400V_04.00A_G019_2023_06_12_Study002_Raw Data (1).mat,4.0132,0.2827,1
E004_0400V_04.00A_G020_2023_06_12_Study001_Raw Data (1).mat,4.0234,0.3321,1
E004_0400V_04.00A_G020_2023_06_12_Study002_Raw Data (1).mat,4.0102,0.377,1
E004_0400V_04.00A_G021_2023_06_12_Study001_Raw Data (1).mat,4.0157,0.4156,1
E004_0400V_04.00A_G021_2023_06_12_Study002_Raw Data (1).mat,4.0232,0.3774,1
E004_0400V_04.00A_G001_2023_06_12_Study001_Raw Data.mat,4.0219,0.549,1
E004_0400V_04.00A_G001_2023_06_12_Study002_Raw Data.mat,4.0185,1.2166,1
E004_0400V_04.00A_G002_2023_06_12_Study001_Raw Data.mat,4.018,1.5524,1
E004_0400V_04.00A_G002_2023_06_12_Study002_Raw Data.mat,4.0199,1.4961,1
E004_0400V_04.00A_G003_2023_06_12_Study001_Raw Data.mat,4.0231,1.6345,1
E004_0400V_04.00A_G003_2023_06_12_Study002_Raw Data.mat,4.0282,1.5588,1
E004_0400V_04.00A_G004_2023_06_12_Study001_Raw Data.mat,4.0162,0.3853,1
E004_0400V_04.00A_G004_2023_06_12_Study002_Raw Data.mat,4.0107,0.4351,1
E004_0400V_04.00A_G005_2023_06_12_Study001_Raw Data.mat,4.0151,0.6564,1
E004_0400V_04.00A_G005_2023_06_12_Study002_Raw Data.mat,4.0104,0.7604,1
E004_0400V_04.00A_G006_2023_06_12_Study001_Raw Data.mat,4.0305,0.9072,1
E004_0400V_04.00A_G006_2023_06_12_Study002_Raw Data.mat,4.0227,0.867,1
E004_0400V_04.00A_G007_2023_06_12_Study001_Raw Data.mat,4.0197,0.3719,1
E004_0400V_04.00A_G007_2023_06_12_Study002_Raw Data.mat,4.0156,0.37,1
E004_0400V_04.00A_G008_2023_06_12_Study001_Raw Data.mat,4.0093,0.5329,1
E004_0400V_04.00A_G008_2023_06_12_Study002_Raw Data.mat,4.0107,0.5723,1
E004_0400V_04.00A_G009_2023_06_12_Study001_Raw Data.mat,4.0182,0.7001,1
E004_0400V_04.00A_G009_2023_06_12_Study002_Raw Data.mat,4.0144,0.5908,1
E004_0400V_04.00A_G010_2023_06_12_Study001_Raw Data.mat,4.011,0.3528,1
E004_0400V_04.00A_G010_2023_06_12_Study002_Raw Data.mat,4.0174,0.336,1
E004_0400V_04.00A_G011_2023_06_12_Study001_Raw Data.mat,4.013,0.439,1
E004_0400V_04.00A_G011_2023_06_12_Study002_Raw Data.mat,4.0145,0.3795,1
E004_0400V_04.00A_G012_2023_06_12_Study001_Raw Data.mat,4.0128,0.5583,1
E004_0400V_04.00A_G012_2023_06_12_Study002_Raw Data.mat,4.0074,0.6054,1
E004_0400V_04.00A_G013_2023_06_12_Study001_Raw Data.mat,4.0282,0.2537,1
E004_0400V_04.00A_G013_2023_06_12_Study002_Raw Data.mat,4.0252,0.2747,1
E004_0400V_04.00A_G014_2023_06_12_Study001_Raw Data.mat,4.0304,0.3427,1
E004_0400V_04.00A_G014_2023_06_12_Study002_Raw Data.mat,4.0207,0.339,1
E004_0400V_04.00A_G015_2023_06_12_Study001_Raw Data.mat,4.0239,0.4538,1
E004_0400V_04.00A_G015_2023_06_12_Study002_Raw Data.mat,4.0227,0.4624,1
E004_0400V_04.00A_G016_2023_06_12_Study001_Raw Data.mat,4.0268,0.2684,1
E004_0400V_04.00A_G016_2023_06_12_Study002_Raw Data.mat,4.0222,0.2755,1
E004_0400V_04.00A_G017_2023_06_12_Study001_Raw Data.mat,4.0106,0.3574,1
E004_0400V_04.00A_G017_2023_06_12_Study002_Raw Data.mat,4.0064,0.3934,1
E004_0400V_04.00A_G018_2023_06_12_Study001_Raw Data.mat,4.0149,0.474,1
E004_0400V_04.00A_G018_2023_06_12_Study002_Raw Data.mat,4.0186,0.427,1
E004_0400V_04.00A_G019_2023_06_12_Study001_Raw Data.mat,4.0178,0.2745,1
E004_0400V_04.00A_G019_2023_06_12_Study002_Raw Data.mat,4.0132,0.2827,1
E004_0400V_04.00A_G020_2023_06_12_Study001_Raw Data.mat,4.0234,0.3321,1
E004_0400V_04.00A_G020_2023_06_12_Study002_Raw Data.mat,4.0102,0.377,1
E004_0400V_04.00A_G021_2023_06_12_Study001_Raw Data.mat,4.0157,0.4156,1
E004_0400V_04.00A_G021_2023_06_12_Study002_Raw Data.mat,4.0232,0.3774,1
E004_0450V_04.50A_G001_2023_09_10_Study001_Raw Data (1).mat,4.5145,,0
E004_0450V_04.50A_G001_2023_09_10_Study002_Raw Data (1).mat,4.5128,,0
E006_0450V_04.50A_G002_2023_06_22_Study001_Raw Data (1).mat,4.5189,,0
E006_0450V_04.50A_G002_2023_06_22_Study002_Raw Data (1).mat,4.5107,,0
E006_0450V_04.50A_G003_2023_06_22_Study001_Raw Data (1).mat,4.5299,,0
E006_0450V_04.50A_G003_2023_06_22_Study002_Raw Data (1).mat,4.5261,,0
E006_0450V_04.50A_G004_2023_06_22_Study001_Raw Data (1).mat,4.5311,0.4699,1
E006_0450V_04.50A_G004_2023_06_22_Study002_Raw Data (1).mat,4.514,0.5993,1
E006_0450V_04.50A_G005_2023_06_22_Study002_Raw Data (1).mat,4.5188,0.9107,1
E006_0450V_04.50A_G006_2023_06_22_Study001_Raw Data (1).mat,4.5281,1.2607,1
E006_0450V_04.50A_G006_2023_06_22_Study002_Raw Data (1).mat,4.5166,1.2115,1
E006_0450V_04.50A_G007_2023_06_22_Study001_Raw Data (1).mat,4.5308,0.4353,1
E006_0450V_04.50A_G007_2023_06_22_Study002_Raw Data (1).mat,4.5034,0.479,1
E006_0450V_04.50A_G008_2023_06_22_Study001_Raw Data (1).mat,4.5017,0.7717,1
E006_0450V_04.50A_G008_2023_06_22_Study002_Raw Data (1).mat,4.5078,0.7226,1
E006_0450V_04.50A_G009_2023_06_22_Study001_Raw Data (1).mat,4.5219,0.9087,1
E006_0450V_04.50A_G009_2023_06_22_Study002_Raw Data (1).mat,4.5007,1.1472,1
E006_0450V_04.50A_G010_2023_06_22_Study001_Raw Data (1).mat,4.508,0.4124,1
E006_0450V_04.50A_G010_2023_06_22_Study002_Raw Data (1).mat,4.506,0.402,1
E006_0450V_04.50A_G011_2023_06_22_Study001_Raw Data (1).mat,4.5066,0.5759,1
E006_0450V_04.50A_G011_2023_06_22_Study002_Raw Data (1).mat,4.5049,0.6188,1
E006_0450V_04.50A_G012_2023_06_22_Study001_Raw Data (1).mat,4.5071,0.7779,1
E006_0450V_04.50A_G012_2023_06_22_Study002_Raw Data (1).mat,4.5025,0.654,1
E006_0450V_04.50A_G013_2023_06_22_Study001_Raw Data (1).mat,4.5265,0.3439,1
E006_0450V_04.50A_G013_2023_06_22_Study002_Raw Data (1).mat,4.5135,0.3719,1
E006_0450V_04.50A_G014_2023_06_22_Study001_Raw Data (1).mat,4.5251,0.4498,1
E006_0450V_04.50A_G014_2023_06_22_Study002_Raw Data (1).mat,4.4999,0.6397,1
E006_0450V_04.50A_G015_2023_06_22_Study001_Raw Data (1).mat,4.5068,0.6441,1
E006_0450V_04.50A_G015_2023_06_22_Study002_Raw Data (1).mat,4.498,0.7538,1
E006_0450V_04.50A_G016_2023_06_22_Study001_Raw Data (1).mat,4.5263,0.3311,1
E006_0450V_04.50A_G016_2023_06_22_Study002_Raw Data (1).mat,4.513,0.3636,1
E006_0450V_04.50A_G017_2023_06_22_Study001_Raw Data (1).mat,4.5265,0.4004,1
E006_0450V_04.50A_G017_2023_06_22_Study002_Raw Data (1).mat,4.5095,0.4688,1
E006_0450V_04.50A_G018_2023_06_22_Study001_Raw Data (1).mat,4.5012,0.5845,1
E006_0450V_04.50A_G018_2023_06_22_Study002_Raw Data (1).mat,4.5068,0.5563,1
E006_0450V_04.50A_G019_2023_06_22_Study001_Raw Data (1).mat,4.5292,0.3132,1
E006_0450V_04.50A_G019_2023_06_22_Study002_Raw Data (1).mat,4.5263,0.3389,1
E006_0450V_04.50A_G020_2023_06_22_Study001_Raw Data (1).mat,4.5104,0.4638,1
E006_0450V_04.50A_G020_2023_06_22_Study002_Raw Data (1).mat,4.5216,0.3958,1
E006_0450V_04.50A_G021_2023_06_22_Study001_Raw Data (1).mat,4.5281,0.4222,1
E006_0450V_04.50A_G021_2023_06_22_Study002_Raw Data (1).mat,4.5251,0.5069,1
E006_0450V_04.50A_G022_2023_06_22_Study001_Raw Data (1).mat,4.527,0.2987,1
E006_0450V_04.50A_G022_2023_06_22_Study002_Raw Data (1).mat,4.5223,0.299,1
E004_0450V_04.50A_G001_2023_09_10_Study001_Raw Data.mat,4.5145,,0
E004_0450V_04.50A_G001_2023_09_10_Study002_Raw Data.mat,4.5128,,0
E006_0450V_04.50A_G002_2023_06_22_Study001_Raw Data.mat,4.5189,,0
E006_0450V_04.50A_G002_2023_06_22_Study002_Raw Data.mat,4.5107,,0
E006_0450V_04.50A_G003_2023_06_22_Study001_Raw Data.mat,4.5299,,0
E006_0450V_04.50A_G003_2023_06_22_Study002_Raw Data.mat,4.5261,,0
E006_0450V_04.50A_G004_2023_06_22_Study001_Raw Data.mat,4.5311,0.4699,1
E006_0450V_04.50A_G004_2023_06_22_Study002_Raw Data.mat,4.514,0.5993,1
E006_0450V_04.50A_G005_2023_06_22_Study002_Raw Data.mat,4.5188,0.9107,1
E006_0450V_04.50A_G006_2023_06_22_Study001_Raw Data.mat,4.5281,1.2607,1
E006_0450V_04.50A_G006_2023_06_22_Study002_Raw Data.mat,4.5166,1.2115,1
E006_0450V_04.50A_G007_2023_06_22_Study001_Raw Data.mat,4.5308,0.4353,1
E006_0450V_04.50A_G007_2023_06_22_Study002_Raw Data.mat,4.5034,0.479,1
E006_0450V_04.50A_G008_2023_06_22_Study001_Raw Data.mat,4.5017,0.7717,1
E006_0450V_04.50A_G008_2023_06_22_Study002_Raw Data.mat,4.5078,0.7226,1
E006_0450V_04.50A_G009_2023_06_22_Study001_Raw Data.mat,4.5219,0.9087,1
E006_0450V_04.50A_G009_2023_06_22_Study002_Raw Data.mat,4.5007,1.1472,1
E006_0450V_04.50A_G010_2023_06_22_Study001_Raw Data.mat,4.508,0.4124,1
E006_0450V_04.50A_G010_2023_06_22_Study002_Raw Data.mat,4.506,0.402,1
E006_0450V_04.50A_G011_2023_06_22_Study001_Raw Data.mat,4.5066,0.5759,1
E006_0450V_04.50A_G011_2023_06_22_Study002_Raw Data.mat,4.5049,0.6188,1
E006_0450V_04.50A_G012_2023_06_22_Study001_Raw Data.mat,4.5071,0.7779,1
E006_0450V_04.50A_G012_2023_06_22_Study002_Raw Data.mat,4.5025,0.654,1
E006_0450V_04.50A_G013_2023_06_22_Study001_Raw Data.mat,4.5265,0.3439,1
E006_0450V_04.50A_G013_2023_06_22_Study002_Raw Data.mat,4.5135,0.3719,1
E006_0450V_04.50A_G014_2023_06_22_Study001_Raw Data.mat,4.5251,0.4498,1
E006_0450V_04.50A_G014_2023_06_22_Study002_Raw Data.mat,4.4999,0.6397,1
E006_0450V_04.50A_G015_2023_06_22_Study001_Raw Data.mat,4.5068,0.6441,1
E006_0450V_04.50A_G015_2023_06_22_Study002_Raw Data.mat,4.498,0.7538,1
E006_0450V_04.50A_G016_2023_06_22_Study001_Raw Data.mat,4.5263,0.3311,1
E006_0450V_04.50A_G016_2023_06_22_Study002_Raw Data.mat,4.513,0.3636,1
E006_0450V_04.50A_G017_2023_06_22_Study001_Raw Data.mat,4.5265,0.4004,1
E006_0450V_04.50A_G017_2023_06_22_Study002_Raw Data.mat,4.5095,0.4688,1
E006_0450V_04.50A_G018_2023_06_22_Study001_Raw Data.mat,4.5012,0.5845,1
E006_0450V_04.50A_G018_2023_06_22_Study002_Raw Data.mat,4.5068,0.5563,1
E006_0450V_04.50A_G019_2023_06_22_Study001_Raw Data.mat,4.5292,0.3132,1
E006_0450V_04.50A_G019_2023_06_22_Study002_Raw Data.mat,4.5263,0.3389,1
E006_0450V_04.50A_G020_2023_06_22_Study001_Raw Data.mat,4.5104,0.4638,1
E006_0450V_04.50A_G020_2023_06_22_Study002_Raw Data.mat,4.5216,0.3958,1
E006_0450V_04.50A_G021_2023_06_22_Study001_Raw Data.mat,4.5281,0.4222,1
E006_0450V_04.50A_G021_2023_06_22_Study002_Raw Data.mat,4.5251,0.5069,1
E006_0450V_04.50A_G022_2023_06_22_Study001_Raw Data.mat,4.527,0.2987,1
E006_0450V_04.50A_G022_2023_06_22_Study002_Raw Data.mat,4.5223,0.299,1
E006_0450V_04.50A_G023_2023_06_22_Study001_Raw Data.mat,4.5295,0.3347,1
E006_0450V_04.50A_G023_2023_06_22_Study002_Raw Data.mat,4.524,0.3909,1
E006_0450V_04.50A_G024_2023_06_22_Study001_Raw Data.mat,4.5279,0.3977,1
E006_0450V_04.50A_G024_2023_06_22_Study002_Raw Data.mat,4.5145,0.4745,1
E006_0500V_05.00A_G001_2023_06_22_Study001_Raw Data.mat,5.0331,,0
E006_0500V_05.00A_G001_2023_06_22_Study002_Raw Data.mat,5.0292,,0
E006_0500V_05.00A_G002_2023_06_22_Study001_Raw Data.mat,5.0286,,0
E006_0500V_05.00A_G002_2023_06_22_Study002_Raw Data.mat,5.0144,,0
E006_0500V_05.00A_G003_2023_06_22_Study001_Raw Data.mat,5.0412,,0
E006_0500V_05.00A_G003_2023_06_22_Study002_Raw Data.mat,5.0258,,0
E006_0500V_05.00A_G004_2023_06_22_Study001_Raw Data.mat,5.0247,0.7047,1
E006_0500V_05.00A_G004_2023_06_22_Study002_Raw Data.mat,5.0209,0.8402,1
E006_0500V_05.00A_G005_2023_06_22_Study001_Raw Data.mat,5.0305,,0
E006_0500V_05.00A_G005_2023_06_22_Study002_Raw Data.mat,5.0217,,0
E006_0500V_05.00A_G006_2023_06_22_Study001_Raw Data.mat,5.0257,,0
E006_0500V_05.00A_G006_2023_06_22_Study002_Raw Data.mat,5.0265,1.5403,1
E004_0500V_05.00A_G007_2023_09_10_Study001_Raw Data.mat,5.011,0.6153,1
E004_0500V_05.00A_G007_2023_09_10_Study002_Raw Data.mat,5.0119,0.5959,1
E004_0500V_05.00A_G008_2023_09_10_Study001_Raw Data.mat,5.0166,1.0653,1
E004_0500V_05.00A_G008_2023_09_10_Study002_Raw Data.mat,5.0158,0.9782,1
E006_0500V_05.00A_G009_2023_06_25_Study001_Raw Data.mat,5.0397,1.1067,1
E006_0500V_05.00A_G009_2023_06_25_Study002_Raw Data.mat,5.0349,1.3084,1
E006_0500V_05.00A_G010_2023_06_25_Study001_Raw Data.mat,5.0381,0.4483,1
E006_0500V_05.00A_G010_2023_06_25_Study002_Raw Data.mat,5.0407,0.4648,1
E006_0500V_05.00A_G011_2023_06_25_Study001_Raw Data.mat,5.0412,0.6853,1
E006_0500V_05.00A_G011_2023_06_25_Study002_Raw Data.mat,5.0299,0.696,1
E006_0500V_05.00A_G012_2023_06_25_Study001_Raw Data.mat,5.0152,1.0346,1
E006_0500V_05.00A_G012_2023_06_25_Study002_Raw Data.mat,5.0254,0.9529,1
E006_0500V_05.00A_G013_2023_06_25_Study001_Raw Data.mat,5.0423,0.3613,1
E006_0500V_05.00A_G013_2023_06_25_Study002_Raw Data.mat,5.0356,0.4302,1
E006_0500V_05.00A_G014_2023_06_25_Study001_Raw Data.mat,5.041,0.6214,1
E006_0500V_05.00A_G014_2023_06_25_Study002_Raw Data.mat,5.0324,0.5879,1
E006_0500V_05.00A_G015_2023_06_25_Study001_Raw Data.mat,5.0361,0.8437,1
E006_0500V_05.00A_G015_2023_06_25_Study002_Raw Data.mat,5.0241,0.948,1
E006_0500V_05.00A_G016_2023_06_25_Study001_Raw Data.mat,5.0275,0.3709,1
E006_0500V_05.00A_G016_2023_06_25_Study002_Raw Data.mat,5.022,0.3809,1
E006_0500V_05.00A_G017_2023_06_25_Study001_Raw Data.mat,5.0368,0.5082,1
E006_0500V_05.00A_G017_2023_06_25_Study002_Raw Data.mat,5.0187,0.5664,1
E006_0500V_05.00A_G018_2023_06_25_Study001_Raw Data.mat,5.0253,0.7751,1
E006_0500V_05.00A_G018_2023_06_25_Study002_Raw Data.mat,5.0199,0.8414,1
E006_0500V_05.00A_G019_2023_06_25_Study001_Raw Data.mat,5.0303,0.3685,1
E006_0500V_05.00A_G019_2023_06_25_Study002_Raw Data.mat,5.0302,0.3194,1
E006_0500V_05.00A_G020_2023_06_25_Study001_Raw Data.mat,5.0308,0.4656,1
E006_0500V_05.00A_G020_2023_06_25_Study002_Raw Data.mat,5.0314,0.5492,1
E006_0500V_05.00A_G021_2023_06_25_Study001_Raw Data.mat,5.0342,0.7802,1
E006_0500V_05.00A_G021_2023_06_25_Study002_Raw Data.mat,5.0104,0.7162,1
E006_0500V_05.00A_G022_2023_06_25_Study001_Raw Data.mat,5.0224,0.4011,1
E006_0500V_05.00A_G022_2023_06_25_Study002_Raw Data.mat,5.02,0.3767,1
E006_0500V_05.00A_G023_2023_06_25_Study001_Raw Data.mat,5.0152,0.5189,1
E006_0500V_05.00A_G023_2023_06_25_Study002_Raw Data.mat,5.0253,0.4828,1
E006_0500V_05.00A_G024_2023_06_25_Study001_Raw Data.mat,5.0172,0.6002,1
E006_0500V_05.00A_G024_2023_06_25_Study002_Raw Data.mat,5.0174,0.589,1
E006_0500V_05.00A_G025_2023_06_25_Study001_Raw Data.mat,5.0404,0.3331,1
E006_0500V_05.00A_G025_2023_06_25_Study002_Raw Data.mat,5.0361,0.3402,1
E006_0500V_05.00A_G026_2023_06_25_Study001_Raw Data.mat,5.0321,0.4741,1
E006_0500V_05.00A_G026_2023_06_25_Study002_Raw Data.mat,5.0362,0.458,1
E006_0500V_05.00A_G027_2023_06_25_Study001_Raw Data.mat,5.0336,0.4949,1
E006_0500V_05.00A_G027_2023_06_25_Study002_Raw Data.mat,5.0274,0.5467,1
E005_0150V_01.50A_G001_2023_06_13_Study003_Raw Data.mat,1.4866,0.2303,1
E005_0150V_01.50A_G001_2023_06_13_Study004_Raw Data.mat,1.4875,0.2084,1
E005_0150V_01.50A_G002_2023_06_13_Study003_Raw Data.mat,1.488,0.6509,1
E005_0150V_01.50A_G002_2023_06_13_Study004_Raw Data.mat,1.4864,0.209,1
E005_0150V_01.50A_G004_2023_06_13_Study003_Raw Data.mat,1.4883,0.2137,1
E005_0150V_01.50A_G004_2023_06_13_Study004_Raw Data.mat,1.4889,0.2143,1
E005_0150V_01.50A_G005_2023_06_13_Study003_Raw Data.mat,1.4917,0.2179,1
E005_0150V_01.50A_G005_2023_06_13_Study004_Raw Data.mat,1.4885,0.2182,1
E005_0150V_01.50A_G006_2023_06_13_Study003_Raw Data.mat,1.4901,0.2025,1
E005_0150V_01.50A_G006_2023_06_13_Study004_Raw Data.mat,1.4885,0.2222,1
E005_0150V_01.50A_G007_2023_06_13_Study001_Raw Data.mat,1.4888,0.2135,1
E005_0150V_01.50A_G007_2023_06_13_Study002_Raw Data.mat,1.4899,0.2134,1
E005_0150V_01.50A_G008_2023_06_13_Study001_Raw Data.mat,1.4934,0.2217,1
E005_0150V_01.50A_G008_2023_06_13_Study002_Raw Data.mat,1.4902,0.367,1
E005_0150V_01.50A_G009_2023_06_13_Study001_Raw Data.mat,1.4931,0.2248,1
E005_0150V_01.50A_G009_2023_06_13_Study002_Raw Data.mat,1.4906,0.2204,1
E005_0200V_02.00A_G001_2023_06_13_Study001_Raw Data.mat,2.0032,0.2087,1
E005_0200V_02.00A_G001_2023_06_13_Study002_Raw Data.mat,1.1058,,0
E005_0200V_02.00A_G002_2023_06_13_Study001_Raw Data.mat,2.006,0.2203,1
E005_0200V_02.00A_G003_2023_06_13_Study001_Raw Data.mat,1.9977,0.2596,1
E005_0200V_02.00A_G003_2023_06_13_Study002_Raw Data.mat,1.9977,0.2855,1
E005_0200V_02.00A_G004_2023_06_13_Study001_Raw Data.mat,2.0019,0.2168,1
E005_0200V_02.00A_G004_2023_06_13_Study002_Raw Data.mat,1.9973,0.2198,1
E005_0200V_02.00A_G005_2023_06_13_Study001_Raw Data.mat,2.0004,0.2373,1
E005_0200V_02.00A_G005_2023_06_13_Study002_Raw Data.mat,1.9945,0.2398,1
E005_0200V_02.00A_G006_2023_06_13_Study001_Raw Data.mat,1.9973,0.2605,1
E005_0200V_02.00A_G006_2023_06_13_Study002_Raw Data.mat,1.9987,0.2704,1
E005_0200V_02.00A_G007_2023_06_13_Study001_Raw Data.mat,2.0011,0.2217,1
E005_0200V_02.00A_G007_2023_06_13_Study002_Raw Data.mat,1.9978,0.2203,1
E005_0200V_02.00A_G008_2023_06_13_Study001_Raw Data.mat,2.0045,0.2397,1
E005_0200V_02.00A_G008_2023_06_13_Study002_Raw Data.mat,2.0012,0.2383,1
E005_0200V_02.00A_G009_2023_06_13_Study001_Raw Data.mat,2.0036,0.2558,1
E005_0200V_02.00A_G009_2023_06_13_Study002_Raw Data.mat,1.9978,0.2675,1
E005_0250V_02.50A_G001_2023_06_14_Study001_Raw Data.mat,2.5072,0.2206,1
E005_0250V_02.50A_G002_2023_06_14_Study001_Raw Data.mat,2.5095,0.3223,1
E005_0250V_02.50A_G002_2023_06_14_Study002_Raw Data.mat,2.5088,0.3399,1
E005_0250V_02.50A_G003_2023_06_14_Study001_Raw Data.mat,2.5143,0.4039,1
E005_0250V_02.50A_G003_2023_06_14_Study002_Raw Data.mat,2.5096,0.4324,1
E005_0250V_02.50A_G004_2023_06_14_Study001_Raw Data.mat,2.5106,0.2282,1
E005_0250V_02.50A_G004_2023_06_14_Study002_Raw Data.mat,2.5091,0.2111,1
E005_0250V_02.50A_G005_2023_06_14_Study001_Raw Data.mat,2.5162,0.2746,1
E005_0250V_02.50A_G005_2023_06_14_Study002_Raw Data.mat,2.511,0.2325,1
E005_0250V_02.50A_G006_2023_06_14_Study001_Raw Data.mat,2.5149,0.2484,1
E005_0250V_02.50A_G006_2023_06_14_Study002_Raw Data.mat,2.5073,0.2706,1
E005_0250V_02.50A_G007_2023_06_14_Study001_Raw Data.mat,2.5178,0.2312,1
E005_0300V_03.00A_G002_2023_06_14_Study001_Raw Data.mat,3.0144,0.3754,1
E005_0300V_03.00A_G002_2023_06_14_Study002_Raw Data.mat,3.0147,0.3704,1
E005_0300V_03.00A_G003_2023_06_14_Study001_Raw Data.mat,3.0163,0.4597,1
E005_0300V_03.00A_G003_2023_06_14_Study002_Raw Data.mat,3.0148,0.4156,1
E005_0300V_03.00A_G004_2023_06_14_Study001_Raw Data.mat,3.0131,0.2496,1
E005_0300V_03.00A_G004_2023_06_14_Study002_Raw Data.mat,3.0154,0.2519,1
E005_0300V_03.00A_G005_2023_06_14_Study001_Raw Data.mat,3.0135,0.3001,1
E005_0300V_03.00A_G005_2023_06_14_Study002_Raw Data.mat,3.0143,0.296,1
E005_0300V_03.00A_G006_2023_06_14_Study001_Raw Data.mat,3.0143,0.33,1
E005_0300V_03.00A_G006_2023_06_14_Study002_Raw Data.mat,3.0153,0.3325,1
E005_0300V_03.00A_G007_2023_06_14_Study001_Raw Data.mat,3.0142,0.2378,1
E005_0300V_03.00A_G007_2023_06_14_Study002_Raw Data.mat,3.0158,0.2399,1
E005_0300V_03.00A_G008_2023_06_14_Study001_Raw Data.mat,3.0198,0.2641,1
E005_0300V_03.00A_G008_2023_06_14_Study002_Raw Data.mat,3.0151,0.268,1
E005_0300V_03.00A_G009_2023_06_14_Study001_Raw Data.mat,3.0168,0.315,1
E005_0300V_03.00A_G009_2023_06_14_Study002_Raw Data.mat,3.016,0.3157,1
E005_0300V_03.00A_G010_2023_06_14_Study001_Raw Data.mat,3.0162,0.2362,1
E005_0300V_03.00A_G010_2023_06_14_Study002_Raw Data.mat,3.0161,0.2367,1
E005_0300V_03.00A_G011_2023_06_14_Study001_Raw Data.mat,3.016,0.2678,1
E005_0300V_03.00A_G011_2023_06_14_Study002_Raw Data.mat,3.0176,0.2685,1
E005_0300V_03.00A_G012_2023_06_14_Study001_Raw Data.mat,3.0158,0.2952,1
E005_0300V_03.00A_G012_2023_06_14_Study002_Raw Data.mat,3.0154,0.2979,1
E005_0300V_03.00A_G013_2023_06_14_Study001_Raw Data.mat,3.0188,0.2142,1
E005_0300V_03.00A_G013_2023_06_14_Study002_Raw Data.mat,3.0189,0.213,1
E005_0300V_03.00A_G014_2023_06_14_Study001_Raw Data.mat,3.0187,0.232,1
E005_0300V_03.00A_G014_2023_06_14_Study002_Raw Data.mat,3.0172,0.2269,1
E005_0300V_03.00A_G015_2023_06_14_Study001_Raw Data.mat,3.0187,0.2352,1
E005_0300V_03.00A_G015_2023_06_14_Study002_Raw Data.mat,3.0159,0.2193,1
E005_0350V_03.50A_G001_2023_06_14_Study001_Raw Data.mat,3.519,0.2671,1
E005_0350V_03.50A_G001_2023_06_14_Study002_Raw Data.mat,3.5166,0.2791,1
E005_0350V_03.50A_G002_2023_06_14_Study001_Raw Data.mat,3.5168,0.3674,1
E005_0350V_03.50A_G002_2023_06_14_Study002_Raw Data.mat,3.5226,0.3704,1
E005_0350V_03.50A_G003_2023_06_14_Study001_Raw Data.mat,3.5198,0.4812,1
E005_0350V_03.50A_G003_2023_06_14_Study002_Raw Data.mat,3.5197,0.4224,1
E005_0350V_03.50A_G004_2023_06_14_Study001_Raw Data.mat,3.5243,0.2436,1
E005_0350V_03.50A_G004_2023_06_14_Study002_Raw Data.mat,3.5184,0.2708,1
E005_0350V_03.50A_G005_2023_06_14_Study001_Raw Data.mat,3.5243,0.2835,1
E005_0350V_03.50A_G005_2023_06_14_Study002_Raw Data.mat,3.5196,0.2965,1
E005_0350V_03.50A_G006_2023_06_14_Study001_Raw Data.mat,3.5236,0.3058,1
E005_0350V_03.50A_G006_2023_06_14_Study002_Raw Data.mat,3.52,0.3281,1
E005_0350V_03.50A_G007_2023_06_14_Study001_Raw Data.mat,3.5244,0.2277,1
E005_0350V_03.50A_G007_2023_06_14_Study002_Raw Data.mat,3.5193,0.2372,1
E005_0350V_03.50A_G008_2023_06_14_Study001_Raw Data.mat,3.5187,0.2433,1
E005_0350V_03.50A_G008_2023_06_14_Study002_Raw Data.mat,3.5206,0.241,1
E005_0350V_03.50A_G009_2023_06_14_Study001_Raw Data.mat,3.5199,0.2798,1
E005_0350V_03.50A_G009_2023_06_14_Study002_Raw Data.mat,3.52,0.2923,1
E005_0350V_03.50A_G010_2023_06_14_Study001_Raw Data.mat,3.52,0.2156,1
E005_0350V_03.50A_G010_2023_06_14_Study002_Raw Data.mat,3.5188,0.2195,1
E005_0350V_03.50A_G011_2023_06_14_Study001_Raw Data.mat,3.5225,0.2454,1
E005_0350V_03.50A_G011_2023_06_14_Study002_Raw Data.mat,3.5198,0.2488,1
E005_0350V_03.50A_G012_2023_06_14_Study001_Raw Data.mat,3.5256,0.2606,1
E005_0350V_03.50A_G012_2023_06_14_Study002_Raw Data.mat,3.5209,0.2675,1
E005_0350V_03.50A_G013_2023_06_14_Study001_Raw Data.mat,3.5183,0.2131,1
E005_0350V_03.50A_G013_2023_06_14_Study002_Raw Data.mat,3.5156,0.2158,1
E005_0350V_03.50A_G014_2023_06_14_Study001_Raw Data.mat,3.5175,0.2373,1
E005_0350V_03.50A_G014_2023_06_14_Study002_Raw Data.mat,3.5183,0.2389,1
E005_0350V_03.50A_G015_2023_06_14_Study001_Raw Data.mat,3.5185,0.2671,1
E005_0350V_03.50A_G015_2023_06_14_Study002_Raw Data.mat,3.5187,0.265,1
E005_0350V_03.50A_G016_2023_06_14_Study001_Raw Data.mat,3.518,0.2296,1
E005_0350V_03.50A_G016_2023_06_14_Study002_Raw Data.mat,3.5221,0.2285,1
E005_0350V_03.50A_G017_2023_06_14_Study001_Raw Data.mat,3.5168,0.2269,1
E005_0350V_03.50A_G017_2023_06_14_Study002_Raw Data.mat,3.5178,0.2306,1
E005_0350V_03.50A_G018_2023_06_14_Study001_Raw Data.mat,3.5207,0.2346,1
E005_0350V_03.50A_G018_2023_06_14_Study002_Raw Data.mat,3.5203,0.2386,1
E005_0400V_04.00A_G001_2023_06_14_Study001_Raw Data.mat,4.0193,0.3561,1
E005_0400V_04.00A_G001_2023_06_14_Study002_Raw Data.mat,4.0214,0.3637,1
E005_0400V_04.00A_G002_2023_06_14_Study001_Raw Data.mat,4.0225,0.4692,1
E005_0400V_04.00A_G002_2023_06_14_Study002_Raw Data.mat,4.0233,0.5101,1
E005_0400V_04.00A_G003_2023_06_14_Study001_Raw Data.mat,4.0216,0.5056,1
E005_0400V_04.00A_G003_2023_06_14_Study002_Raw Data.mat,4.0202,0.5886,1
E005_0400V_04.00A_G004_2023_06_14_Study001_Raw Data.mat,4.0235,0.2809,1
E005_0400V_04.00A_G004_2023_06_14_Study002_Raw Data.mat,4.0238,0.2781,1
E005_0400V_04.00A_G005_2023_06_14_Study001_Raw Data.mat,4.0178,0.3669,1
E005_0400V_04.00A_G005_2023_06_14_Study002_Raw Data.mat,4.0258,0.3674,1
E005_0400V_04.00A_G006_2023_06_14_Study001_Raw Data.mat,4.0261,0.4529,1
E005_0400V_04.00A_G006_2023_06_14_Study002_Raw Data.mat,4.0248,0.362,1
E005_0400V_04.00A_G007_2023_06_14_Study001_Raw Data.mat,4.0228,0.2146,1
E005_0400V_04.00A_G007_2023_06_14_Study002_Raw Data.mat,4.0249,0.2275,1
E005_0400V_04.00A_G008_2023_06_14_Study001_Raw Data.mat,4.0255,0.2734,1
E005_0400V_04.00A_G008_2023_06_14_Study002_Raw Data.mat,4.0274,0.2792,1
E005_0400V_04.00A_G009_2023_06_14_Study001_Raw Data.mat,4.0225,0.3319,1
E005_0400V_04.00A_G009_2023_06_14_Study002_Raw Data.mat,4.0196,0.3572,1
E005_0400V_04.00A_G010_2023_06_14_Study001_Raw Data.mat,4.0252,0.2338,1
E005_0400V_04.00A_G010_2023_06_14_Study002_Raw Data.mat,4.0242,0.2386,1
E005_0400V_04.00A_G011_2023_06_14_Study001_Raw Data.mat,4.0275,0.2468,1
E005_0400V_04.00A_G011_2023_06_14_Study002_Raw Data.mat,4.0246,0.2669,1
E005_0400V_04.00A_G012_2023_06_14_Study001_Raw Data.mat,4.0247,0.3019,1
E005_0400V_04.00A_G012_2023_06_14_Study002_Raw Data.mat,4.0252,0.2973,1
E005_0400V_04.00A_G013_2023_06_14_Study001_Raw Data.mat,4.0242,0.2273,1
E005_0400V_04.00A_G013_2023_06_14_Study002_Raw Data.mat,4.0254,0.2251,1
E005_0400V_04.00A_G014_2023_06_14_Study001_Raw Data.mat,4.0266,0.2617,1
E005_0400V_04.00A_G014_2023_06_14_Study002_Raw Data.mat,4.0267,0.2641,1
E005_0400V_04.00A_G015_2023_06_14_Study001_Raw Data.mat,4.0279,0.251,1
E005_0400V_04.00A_G015_2023_06_14_Study002_Raw Data.mat,4.0266,0.2815,1
E005_0400V_04.00A_G016_2023_06_14_Study001_Raw Data.mat,4.0262,0.2264,1
E005_0400V_04.00A_G016_2023_06_14_Study002_Raw Data.mat,4.0257,0.2258,1
E005_0400V_04.00A_G017_2023_06_14_Study001_Raw Data.mat,4.025,0.236,1
E005_0400V_04.00A_G017_2023_06_14_Study002_Raw Data.mat,4.0261,0.2556,1
E005_0400V_04.00A_G018_2023_06_14_Study001_Raw Data.mat,4.0227,0.2792,1
E005_0400V_04.00A_G018_2023_06_14_Study002_Raw Data.mat,4.0273,0.2442,1
E005_0400V_04.00A_G019_2023_06_14_Study001_Raw Data.mat,4.0231,0.2256,1
E005_0400V_04.00A_G019_2023_06_14_Study002_Raw Data.mat,4.0222,0.2257,1
E005_0400V_04.00A_G020_2023_06_14_Study001_Raw Data.mat,4.0259,0.2449,1
E005_0400V_04.00A_G020_2023_06_14_Study002_Raw Data.mat,4.0265,0.2469,1
E005_0400V_04.00A_G021_2023_06_14_Study001_Raw Data.mat,4.0218,0.2635,1
E005_0400V_04.00A_G021_2023_06_14_Study002_Raw Data.mat,4.0286,0.2615,1
E005_0450V_04.50A_G001_2023_06_15_Study001_Raw Data.mat,4.539,0.3006,1
E005_0450V_04.50A_G001_2023_06_15_Study002_Raw Data.mat,4.5363,0.404,1
E005_0450V_04.50A_G002_2023_06_15_Study001_Raw Data.mat,4.5372,0.5649,1
E005_0450V_04.50A_G002_2023_06_15_Study002_Raw Data.mat,4.534,0.5906,1
E005_0450V_04.50A_G003_2023_06_15_Study001_Raw Data.mat,4.532,0.7607,1
E005_0450V_04.50A_G003_2023_06_15_Study002_Raw Data.mat,4.533,0.7832,1
E005_0450V_04.50A_G004_2023_06_15_Study001_Raw Data.mat,4.5345,0.3149,1
E005_0450V_04.50A_G004_2023_06_15_Study002_Raw Data.mat,4.535,0.31,1
E005_0450V_04.50A_G005_2023_06_15_Study002_Raw Data.mat,4.5348,0.3992,1
E005_0450V_04.50A_G006_2023_06_15_Study001_Raw Data.mat,4.5348,0.4591,1
E005_0450V_04.50A_G006_2023_06_15_Study002_Raw Data.mat,4.5352,0.5118,1
E005_0450V_04.50A_G007_2023_06_15_Study001_Raw Data.mat,4.5325,0.2726,1
E005_0450V_04.50A_G007_2023_06_15_Study002_Raw Data.mat,4.5357,0.2737,1
E005_0450V_04.50A_G008_2023_06_15_Study001_Raw Data.mat,4.5383,0.3733,1
E005_0450V_04.50A_G008_2023_06_15_Study002_Raw Data.mat,4.5371,0.3705,1
E005_0450V_04.50A_G009_2023_06_15_Study001_Raw Data.mat,4.5358,0.4939,1
E005_0450V_04.50A_G009_2023_06_15_Study002_Raw Data.mat,4.5337,0.4577,1
E005_0450V_04.50A_G010_2023_06_15_Study001_Raw Data.mat,4.5358,0.2456,1
E005_0450V_04.50A_G010_2023_06_15_Study002_Raw Data.mat,4.5356,0.25,1
E005_0450V_04.50A_G011_2023_06_15_Study001_Raw Data.mat,4.5346,0.2723,1
E005_0450V_04.50A_G011_2023_06_15_Study002_Raw Data.mat,4.535,0.2818,1
E005_0450V_04.50A_G012_2023_06_15_Study001_Raw Data.mat,4.5373,0.3297,1
E005_0450V_04.50A_G012_2023_06_15_Study002_Raw Data.mat,4.5372,0.3269,1
E005_0450V_04.50A_G013_2023_06_21_Study001_Raw Data.mat,4.5257,0.228,1
E005_0450V_04.50A_G013_2023_06_21_Study002_Raw Data.mat,4.5278,0.2306,1
E005_0450V_04.50A_G014_2023_06_21_Study001_Raw Data.mat,4.526,0.2599,1
E005_0450V_04.50A_G014_2023_06_21_Study002_Raw Data.mat,4.5321,0.2684,1
E005_0450V_04.50A_G015_2023_06_21_Study001_Raw Data.mat,4.5291,0.313,1
E005_0450V_04.50A_G015_2023_06_21_Study002_Raw Data.mat,4.5269,0.3577,1
E005_0450V_04.50A_G016_2023_06_21_Study001_Raw Data.mat,4.5308,0.2354,1
E005_0450V_04.50A_G016_2023_06_21_Study002_Raw Data.mat,4.5301,0.2408,1
E005_0450V_04.50A_G017_2023_06_21_Study001_Raw Data.mat,4.5323,0.2595,1
E005_0450V_04.50A_G017_2023_06_21_Study002_Raw Data.mat,4.5288,0.2641,1
E005_0450V_04.50A_G018_2023_06_21_Study001_Raw Data.mat,4.5344,0.2966,1
E005_0450V_04.50A_G018_2023_06_21_Study002_Raw Data.mat,4.5295,0.3117,1
E005_0450V_04.50A_G019_2023_06_21_Study001_Raw Data.mat,4.5314,0.2344,1
E005_0450V_04.50A_G019_2023_06_21_Study002_Raw Data.mat,4.5311,0.2382,1
E005_0450V_04.50A_G020_2023_06_21_Study001_Raw Data.mat,4.529,0.2654,1
E005_0450V_04.50A_G020_2023_06_21_Study002_Raw Data.mat,4.5303,0.2583,1
E005_0450V_04.50A_G021_2023_06_21_Study001_Raw Data.mat,4.528,0.2877,1
E005_0450V_04.50A_G021_2023_06_21_Study002_Raw Data.mat,4.5311,0.311,1
E005_0450V_04.50A_G022_2023_06_21_Study001_Raw Data.mat,4.5281,0.2378,1
E005_0450V_04.50A_G022_2023_06_21_Study002_Raw Data.mat,4.5297,0.2383,1
E005_0450V_04.50A_G023_2023_06_21_Study001_Raw Data.mat,4.5288,0.2595,1
E005_0450V_04.50A_G023_2023_06_21_Study002_Raw Data.mat,4.5306,0.2695,1
E005_0450V_04.50A_G024_2023_06_21_Study001_Raw Data.mat,4.5311,0.2634,1
E005_0450V_04.50A_G024_2023_06_21_Study002_Raw Data.mat,4.5295,0.2658,1
E005_0500V_05.00A_G001_2023_06_22_Study001_Raw Data.mat,5.0375,0.395,1
E005_0500V_05.00A_G001_2023_06_22_Study002_Raw Data.mat,5.033,0.4712,1
E005_0500V_05.00A_G002_2023_06_22_Study001_Raw Data.mat,5.0301,0.6075,1
E005_0500V_05.00A_G002_2023_06_22_Study002_Raw Data.mat,4.8835,,0
E005_0500V_05.00A_G003_2023_06_22_Study001_Raw Data.mat,5.0339,0.8704,1
E005_0500V_05.00A_G003_2023_06_22_Study002_Raw Data.mat,5.0359,1.1514,1
E005_0500V_05.00A_G004_2023_06_22_Study001_Raw Data.mat,5.0393,0.3214,1
E005_0500V_05.00A_G004_2023_06_22_Study002_Raw Data.mat,4.8969,0.6604,1
E005_0500V_05.00A_G005_2023_06_22_Study001_Raw Data.mat,5.0397,0.4435,1
E005_0500V_05.00A_G005_2023_06_22_Study002_Raw Data.mat,5.0406,0.5007,1
E005_0500V_05.00A_G006_2023_06_22_Study001_Raw Data.mat,5.0418,0.6844,1
E005_0500V_05.00A_G006_2023_06_22_Study002_Raw Data.mat,5.0419,0.6258,1
E005_0500V_05.00A_G007_2023_06_22_Study001_Raw Data.mat,5.0386,0.2912,1
E005_0500V_05.00A_G007_2023_06_22_Study002_Raw Data.mat,5.0431,0.2949,1
E005_0500V_05.00A_G008_2023_06_22_Study001_Raw Data.mat,5.0441,0.3593,1
E005_0500V_05.00A_G008_2023_06_22_Study002_Raw Data.mat,5.0408,0.4031,1
E005_0500V_05.00A_G009_2023_06_22_Study001_Raw Data.mat,5.0404,0.4863,1
E005_0500V_05.00A_G009_2023_06_22_Study002_Raw Data.mat,5.0418,0.5122,1
E005_0500V_05.00A_G010_2023_06_22_Study001_Raw Data.mat,5.0408,0.2703,1
E005_0500V_05.00A_G010_2023_06_22_Study002_Raw Data.mat,5.0438,0.3004,1
E005_0500V_05.00A_G011_2023_06_22_Study001_Raw Data.mat,5.042,0.3407,1
E005_0500V_05.00A_G011_2023_06_22_Study002_Raw Data.mat,5.0438,0.3395,1
E005_0500V_05.00A_G012_2023_06_22_Study001_Raw Data.mat,5.0436,0.4137,1
E005_0500V_05.00A_G012_2023_06_22_Study002_Raw Data.mat,5.0432,0.3898,1
E005_0500V_05.00A_G013_2023_06_22_Study001_Raw Data.mat,5.0456,0.2545,1
E005_0500V_05.00A_G013_2023_06_22_Study002_Raw Data.mat,5.047,0.2551,1
E005_0500V_05.00A_G014_2023_06_22_Study001_Raw Data.mat,5.0451,0.3101,1
E005_0500V_05.00A_G014_2023_06_22_Study002_Raw Data.mat,5.0468,0.3091,1
E005_0500V_05.00A_G015_2023_06_22_Study001_Raw Data.mat,5.0467,0.323,1
E005_0500V_05.00A_G015_2023_06_22_Study002_Raw Data.mat,4.9031,0.7873,1
E005_0500V_05.00A_G016_2023_06_22_Study001_Raw Data.mat,5.0406,0.2446,1
E005_0500V_05.00A_G016_2023_06_22_Study002_Raw Data.mat,5.0388,0.254,1
E005_0500V_05.00A_G017_2023_06_22_Study001_Raw Data.mat,5.0406,0.294,1
E005_0500V_05.00A_G017_2023_06_22_Study002_Raw Data.mat,5.0423,0.2986,1
E005_0500V_05.00A_G018_2023_06_22_Study001_Raw Data.mat,5.0414,0.3595,1
E005_0500V_05.00A_G018_2023_06_22_Study002_Raw Data.mat,5.044,0.3341,1
E005_0500V_05.00A_G019_2023_06_22_Study001_Raw Data.mat,5.0402,0.2326,1
E005_0500V_05.00A_G019_2023_06_22_Study002_Raw Data.mat,5.0416,0.2435,1
E005_0500V_05.00A_G020_2023_06_22_Study001_Raw Data.mat,5.0437,0.2704,1
E005_0500V_05.00A_G020_2023_06_22_Study002_Raw Data.mat,5.0423,0.2782,1
E005_0500V_05.00A_G021_2023_06_22_Study001_Raw Data.mat,5.0427,0.3521,1
E005_0500V_05.00A_G021_2023_06_22_Study001_Raw Data.mat,5.0427,0.3521,1
E005_0500V_05.00A_G021_2023_06_22_Study001_Raw Data.mat,5.0427,0.3521,1
E005_0500V_05.00A_G021_2023_06_22_Study002_Raw Data.mat,5.0462,0.3344,1
E005_0500V_05.00A_G022_2023_06_22_Study001_Raw Data.mat,5.042,0.2415,1
E005_0500V_05.00A_G022_2023_06_22_Study002_Raw Data.mat,5.0392,0.2519,1
E005_0500V_05.00A_G023_2023_06_22_Study001_Raw Data.mat,5.042,0.271,1
E005_0500V_05.00A_G023_2023_06_22_Study002_Raw Data.mat,5.0447,0.2835,1
E005_0500V_05.00A_G024_2023_06_22_Study001_Raw Data.mat,5.041,0.327,1
E005_0500V_05.00A_G024_2023_06_22_Study002_Raw Data.mat,5.0438,0.3388,1
E005_0500V_05.00A_G026_2023_06_22_Study001_Raw Data.mat,5.0393,0.2656,1
E005_0500V_05.00A_G026_2023_06_22_Study002_Raw Data.mat,5.0415,0.2723,1
E005_0500V_05.00A_G027_2023_06_22_Study001_Raw Data.mat,5.0414,0.3211,1
E005_0500V_05.00A_G027_2023_06_22_Study002_Raw Data.mat,5.0423,0.3109,1
E006_0150V_01.50A_G001_2023_07_04_Study001_Raw Data.mat,1.4885,0.2377,1
E006_0150V_01.50A_G001_2023_07_04_Study002_Raw Data.mat,1.4865,0.2396,1
E006_0150V_01.50A_G002_2023_07_04_Study001_Raw Data.mat,1.4872,0.2089,1
E006_0150V_01.50A_G002_2023_07_04_Study002_Raw Data.mat,1.4862,0.2251,1
E006_0150V_01.50A_G003_2023_07_04_Study001_Raw Data.mat,1.4889,0.2752,1
E006_0150V_01.50A_G003_2023_07_04_Study002_Raw Data.mat,1.4864,0.2892,1
E006_0150V_01.50A_G004_2023_07_04_Study001_Raw Data.mat,1.4885,0.2057,1
E006_0150V_01.50A_G004_2023_07_04_Study002_Raw Data.mat,1.4812,0.205,1
E006_0150V_01.50A_G005_2023_07_04_Study001_Raw Data.mat,1.4852,0.2057,1
E006_0150V_01.50A_G005_2023_07_04_Study002_Raw Data.mat,1.4813,0.2096,1
E006_0150V_01.50A_G006_2023_07_04_Study001_Raw Data.mat,1.4831,0.2072,1
E006_0150V_01.50A_G006_2023_07_04_Study002_Raw Data.mat,1.4855,0.2196,1
E006_0150V_01.50A_G007_2023_07_04_Study001_Raw Data.mat,1.488,0.2127,1
E006_0150V_01.50A_G007_2023_07_04_Study002_Raw Data.mat,1.4869,0.2099,1
E006_0150V_01.50A_G008_2023_07_04_Study001_Raw Data.mat,1.4857,0.2245,1
E006_0150V_01.50A_G008_2023_07_04_Study002_Raw Data.mat,1.487,0.2027,1
E006_0150V_01.50A_G009_2023_07_04_Study001_Raw Data.mat,1.4842,0.2041,1
E006_0150V_01.50A_G009_2023_07_04_Study002_Raw Data.mat,1.4906,0.2233,1
E006_0200V_02.00A_G001_2023_07_04_Study001_Raw Data.mat,1.9951,0.216,1
E006_0200V_02.00A_G001_2023_07_04_Study002_Raw Data.mat,1.994,0.2219,1
E006_0200V_02.00A_G002_2023_07_04_Study001_Raw Data.mat,1.9944,0.2095,1
E006_0200V_02.00A_G002_2023_07_04_Study002_Raw Data.mat,1.9957,0.2277,1
E006_0200V_02.00A_G003_2023_07_04_Study001_Raw Data.mat,1.9948,0.2321,1
E006_0200V_02.00A_G003_2023_07_04_Study002_Raw Data.mat,1.9958,0.2744,1
E006_0200V_02.00A_G004_2023_07_04_Study001_Raw Data.mat,1.9949,0.2073,1
E006_0200V_02.00A_G004_2023_07_04_Study002_Raw Data.mat,1.9962,0.2077,1
E006_0200V_02.00A_G005_2023_07_04_Study001_Raw Data.mat,1.9954,0.213,1
E006_0200V_02.00A_G005_2023_07_04_Study002_Raw Data.mat,1.9938,0.2238,1
E006_0200V_02.00A_G006_2023_07_04_Study001_Raw Data.mat,1.9969,0.2041,1
E006_0200V_02.00A_G006_2023_07_04_Study002_Raw Data.mat,1.9928,0.2203,1
E006_0200V_02.00A_G007_2023_07_04_Study001_Raw Data.mat,1.9961,0.2069,1
E006_0200V_02.00A_G007_2023_07_04_Study002_Raw Data.mat,1.9949,0.2107,1
E006_0200V_02.00A_G008_2023_07_04_Study001_Raw Data.mat,1.9957,0.2131,1
E006_0200V_02.00A_G008_2023_07_04_Study002_Raw Data.mat,1.9945,0.2148,1
E006_0200V_02.00A_G009_2023_07_04_Study001_Raw Data.mat,1.9953,0.2311,1
E006_0200V_02.00A_G009_2023_07_04_Study002_Raw Data.mat,1.9951,0.2497,1
E006_0250V_02.50A_G001_2023_07_04_Study001_Raw Data.mat,2.5025,0.2126,1
E006_0250V_02.50A_G001_2023_07_04_Study002_Raw Data.mat,2.501,0.2225,1
E006_0250V_02.50A_G002_2023_07_04_Study001_Raw Data.mat,2.501,0.2166,1
E006_0250V_02.50A_G002_2023_07_04_Study002_Raw Data.mat,2.4989,0.2877,1
E006_0250V_02.50A_G003_2023_07_04_Study001_Raw Data.mat,2.501,0.2754,1
E006_0250V_02.50A_G003_2023_07_04_Study002_Raw Data.mat,2.5013,0.3239,1
E006_0250V_02.50A_G004_2023_07_04_Study001_Raw Data.mat,2.5,0.2097,1
E006_0250V_02.50A_G004_2023_07_04_Study002_Raw Data.mat,2.5015,0.2098,1
E006_0250V_02.50A_G005_2023_07_04_Study001_Raw Data.mat,2.5018,0.2266,1
E006_0250V_02.50A_G005_2023_07_04_Study002_Raw Data.mat,2.5029,0.2497,1
E006_0250V_02.50A_G006_2023_07_04_Study001_Raw Data.mat,2.5007,0.2066,1
E006_0250V_02.50A_G006_2023_07_04_Study002_Raw Data.mat,2.5021,0.2346,1
E006_0250V_02.50A_G007_2023_07_04_Study001_Raw Data.mat,2.501,0.2072,1
E006_0250V_02.50A_G007_2023_07_04_Study002_Raw Data.mat,2.5,0.2143,1
E006_0250V_02.50A_G008_2023_07_04_Study001_Raw Data.mat,2.4994,0.2046,1
E006_0250V_02.50A_G009_2023_07_04_Study001_Raw Data.mat,2.4994,0.2309,1
E006_0250V_02.50A_G009_2023_07_04_Study002_Raw Data.mat,2.4998,0.2393,1
E006_0250V_02.50A_G010_2023_07_04_Study001_Raw Data.mat,2.4991,0.2053,1
E006_0250V_02.50A_G010_2023_07_04_Study002_Raw Data.mat,2.4998,0.208,1
E006_0250V_02.50A_G011_2023_07_04_Study001_Raw Data.mat,2.5005,0.2107,1
E006_0250V_02.50A_G011_2023_07_04_Study002_Raw Data.mat,2.5011,0.2174,1
E006_0250V_02.50A_G012_2023_07_04_Study001_Raw Data.mat,2.5012,0.2475,1
E006_0250V_02.50A_G012_2023_07_04_Study002_Raw Data.mat,2.5013,0.2336,1
E006_0300V_03.00A_G001_2023_07_04_Study001_Raw Data.mat,3.0117,0.2184,1
E006_0300V_03.00A_G001_2023_07_04_Study002_Raw Data.mat,3.0094,0.2477,1
E006_0300V_03.00A_G002_2023_07_04_Study001_Raw Data.mat,3.0137,0.2628,1
E006_0300V_03.00A_G002_2023_07_04_Study002_Raw Data.mat,3.0099,0.2826,1
E006_0300V_03.00A_G003_2023_07_04_Study001_Raw Data.mat,3.0108,0.3473,1
E006_0300V_03.00A_G003_2023_07_04_Study002_Raw Data.mat,3.0068,0.3127,1
E006_0300V_03.00A_G004_2023_07_04_Study001_Raw Data.mat,3.0067,0.2093,1
E006_0300V_03.00A_G004_2023_07_04_Study002_Raw Data.mat,3.0066,0.2138,1
E006_0300V_03.00A_G005_2023_07_04_Study001_Raw Data.mat,3.0133,0.2509,1
E006_0300V_03.00A_G005_2023_07_04_Study002_Raw Data.mat,3.0079,0.2464,1
E006_0300V_03.00A_G006_2023_07_04_Study001_Raw Data.mat,3.0085,0.234,1
E006_0300V_03.00A_G006_2023_07_04_Study002_Raw Data.mat,3.0066,0.2513,1
E006_0300V_03.00A_G007_2023_07_04_Study001_Raw Data.mat,3.0085,0.2203,1
E006_0300V_03.00A_G007_2023_07_04_Study002_Raw Data.mat,3.008,0.2212,1
E006_0300V_03.00A_G008_2023_07_04_Study001_Raw Data.mat,3.0076,0.237,1
E006_0300V_03.00A_G008_2023_07_04_Study002_Raw Data.mat,3.0081,0.2429,1
E006_0300V_03.00A_G009_2023_07_04_Study001_Raw Data.mat,3.007,0.2338,1
E006_0300V_03.00A_G009_2023_07_04_Study002_Raw Data.mat,3.0069,0.2208,1
E006_0300V_03.00A_G010_2023_07_04_Study001_Raw Data.mat,3.0081,0.2153,1
E006_0300V_03.00A_G010_2023_07_04_Study002_Raw Data.mat,3.0099,0.2152,1
E006_0300V_03.00A_G011_2023_07_04_Study001_Raw Data.mat,3.0093,0.2102,1
E006_0300V_03.00A_G011_2023_07_04_Study002_Raw Data.mat,3.0083,0.2176,1
E006_0300V_03.00A_G012_2023_07_04_Study001_Raw Data.mat,3.0086,0.2346,1
E006_0300V_03.00A_G012_2023_07_04_Study002_Raw Data.mat,3.0097,0.236,1
E006_0300V_03.00A_G013_2023_07_04_Study001_Raw Data.mat,3.0086,0.2079,1
E006_0300V_03.00A_G013_2023_07_04_Study002_Raw Data.mat,3.0088,0.2105,1
E006_0300V_03.00A_G014_2023_07_04_Study001_Raw Data.mat,3.0088,0.2101,1
E006_0300V_03.00A_G014_2023_07_04_Study002_Raw Data.mat,3.0078,0.2166,1
E006_0300V_03.00A_G015_2023_07_04_Study001_Raw Data.mat,3.0079,0.2122,1
E006_0300V_03.00A_G015_2023_07_04_Study002_Raw Data.mat,3.0082,0.2188,1
E006_0350V_03.50A_G001_2023_07_04_Study001_Raw Data.mat,3.5099,0.2775,1
E006_0350V_03.50A_G001_2023_07_04_Study002_Raw Data.mat,3.5106,0.3093,1
E006_0350V_03.50A_G002_2023_07_04_Study001_Raw Data.mat,3.5072,0.2966,1
E006_0350V_03.50A_G002_2023_07_04_Study002_Raw Data.mat,3.5085,0.3107,1
E006_0350V_03.50A_G003_2023_07_04_Study001_Raw Data.mat,3.5101,0.3029,1
E006_0350V_03.50A_G003_2023_07_04_Study002_Raw Data.mat,3.5079,0.3655,1
E006_0350V_03.50A_G004_2023_07_04_Study001_Raw Data.mat,3.5068,0.2489,1
E006_0350V_03.50A_G004_2023_07_04_Study002_Raw Data.mat,3.5088,0.2457,1
E006_0350V_03.50A_G005_2023_07_04_Study001_Raw Data.mat,3.5106,0.2653,1
E006_0350V_03.50A_G005_2023_07_04_Study002_Raw Data.mat,3.5105,0.2729,1
E006_0350V_03.50A_G006_2023_07_04_Study001_Raw Data.mat,3.5096,0.3403,1
E006_0350V_03.50A_G006_2023_07_04_Study002_Raw Data.mat,3.51,0.3212,1
E006_0350V_03.50A_G007_2023_07_04_Study001_Raw Data.mat,3.509,0.2234,1
E006_0350V_03.50A_G007_2023_07_04_Study002_Raw Data.mat,3.511,0.2254,1
E006_0350V_03.50A_G008_2023_07_04_Study001_Raw Data.mat,3.5078,0.2286,1
E006_0350V_03.50A_G008_2023_07_04_Study002_Raw Data.mat,3.5096,0.2519,1
E006_0350V_03.50A_G009_2023_07_04_Study001_Raw Data.mat,3.5112,0.2786,1
E006_0350V_03.50A_G009_2023_07_04_Study002_Raw Data.mat,3.5122,0.2865,1
E006_0350V_03.50A_G010_2023_07_04_Study001_Raw Data.mat,3.5092,0.2139,1
E006_0350V_03.50A_G010_2023_07_04_Study002_Raw Data.mat,3.5119,0.2194,1
E006_0350V_03.50A_G011_2023_07_04_Study001_Raw Data.mat,3.5069,0.2433,1
E006_0350V_03.50A_G011_2023_07_04_Study002_Raw Data.mat,3.5102,0.2495,1
E006_0350V_03.50A_G012_2023_07_04_Study001_Raw Data.mat,3.5123,0.2356,1
E006_0350V_03.50A_G012_2023_07_04_Study002_Raw Data.mat,3.5091,0.2753,1
E006_0350V_03.50A_G013_2023_07_05_Study001_Raw Data.mat,3.5206,0.2105,1
E006_0350V_03.50A_G013_2023_07_05_Study002_Raw Data.mat,3.5213,0.2199,1
E006_0350V_03.50A_G014_2023_07_05_Study001_Raw Data.mat,3.5194,0.2321,1
E006_0350V_03.50A_G015_2023_07_05_Study001_Raw Data.mat,3.5185,0.2287,1
E006_0350V_03.50A_G015_2023_07_05_Study002_Raw Data.mat,3.5152,0.2465,1
E006_0350V_03.50A_G016_2023_07_05_Study001_Raw Data.mat,3.5187,0.2185,1
E006_0350V_03.50A_G016_2023_07_05_Study002_Raw Data.mat,3.5178,0.2222,1
E006_0350V_03.50A_G017_2023_07_05_Study001_Raw Data.mat,3.5193,0.2222,1
E006_0350V_03.50A_G017_2023_07_05_Study002_Raw Data.mat,3.5146,0.2309,1
E006_0350V_03.50A_G018_2023_07_05_Study001_Raw Data.mat,3.5149,0.2424,1
E006_0350V_03.50A_G018_2023_07_05_Study002_Raw Data.mat,3.5127,0.2477,1
E006_0400V_04.00A_G001_2023_07_05_Study001_Raw Data.mat,4.0233,0.3548,1
E006_0400V_04.00A_G001_2023_07_05_Study002_Raw Data.mat,4.0231,0.3759,1
E006_0400V_04.00A_G002_2023_07_05_Study001_Raw Data.mat,4.0232,0.513,1
E006_0400V_04.00A_G002_2023_07_05_Study002_Raw Data.mat,4.0204,0.5085,1
E006_0400V_04.00A_G003_2023_07_05_Study001_Raw Data.mat,4.027,0.6096,1
E006_0400V_04.00A_G003_2023_07_05_Study002_Raw Data.mat,4.0197,0.6391,1
E006_0400V_04.00A_G004_2023_07_05_Study001_Raw Data.mat,4.0197,0.2615,1
E006_0400V_04.00A_G004_2023_07_05_Study002_Raw Data.mat,4.018,0.2842,1
E006_0400V_04.00A_G005_2023_07_05_Study001_Raw Data.mat,4.0206,0.3468,1
E006_0400V_04.00A_G005_2023_07_05_Study002_Raw Data.mat,4.0211,0.3715,1
E006_0400V_04.00A_G006_2023_07_05_Study001_Raw Data.mat,4.0222,0.4281,1
E006_0400V_04.00A_G006_2023_07_05_Study002_Raw Data.mat,4.0194,0.4353,1
E006_0400V_04.00A_G007_2023_07_05_Study001_Raw Data.mat,4.0231,0.2371,1
E006_0400V_04.00A_G007_2023_07_05_Study002_Raw Data.mat,4.0243,0.2636,1
E006_0400V_04.00A_G008_2023_07_05_Study001_Raw Data.mat,4.0236,0.2831,1
E006_0400V_04.00A_G008_2023_07_05_Study002_Raw Data.mat,4.0227,0.3113,1
E006_0400V_04.00A_G009_2023_07_05_Study001_Raw Data.mat,4.0251,0.3487,1
E006_0400V_04.00A_G009_2023_07_05_Study002_Raw Data.mat,4.018,0.3667,1
E006_0400V_04.00A_G010_2023_07_05_Study001_Raw Data.mat,4.0199,0.2403,1
E006_0400V_04.00A_G010_2023_07_05_Study002_Raw Data.mat,4.02,0.2495,1
E006_0400V_04.00A_G011_2023_07_05_Study001_Raw Data.mat,4.0203,0.2898,1
E006_0400V_04.00A_G011_2023_07_05_Study001_Raw Data.mat,4.0203,0.2898,1
E006_0400V_04.00A_G011_2023_07_05_Study001_Raw Data.mat,4.0203,0.2898,1
E006_0400V_04.00A_G011_2023_07_05_Study002_Raw Data.mat,4.0208,0.2757,1
E006_0400V_04.00A_G011_2023_07_05_Study002_Raw Data.mat,4.0208,0.2757,1
E006_0400V_04.00A_G011_2023_07_05_Study002_Raw Data.mat,4.0208,0.2757,1
E006_0400V_04.00A_G012_2023_07_05_Study001_Raw Data.mat,4.0204,0.3264,1
E006_0400V_04.00A_G012_2023_07_05_Study001_Raw Data.mat,4.0204,0.3264,1
E006_0400V_04.00A_G012_2023_07_05_Study001_Raw Data.mat,4.0204,0.3264,1
E006_0400V_04.00A_G012_2023_07_05_Study002_Raw Data.mat,4.0194,0.3071,1
E006_0400V_04.00A_G012_2023_07_05_Study002_Raw Data.mat,4.0194,0.3071,1
E006_0400V_04.00A_G012_2023_07_05_Study002_Raw Data.mat,4.0194,0.3071,1
E006_0400V_04.00A_G013_2023_07_05_Study001_Raw Data.mat,4.0234,0.2201,1
E006_0400V_04.00A_G013_2023_07_05_Study002_Raw Data.mat,4.0214,0.2338,1
E006_0400V_04.00A_G014_2023_07_05_Study001_Raw Data.mat,4.0278,0.274,1
E006_0400V_04.00A_G014_2023_07_05_Study002_Raw Data.mat,4.0281,0.2641,1
E006_0400V_04.00A_G015_2023_07_05_Study001_Raw Data.mat,4.0265,0.2917,1
E006_0400V_04.00A_G015_2023_07_05_Study001_Raw Data.mat,4.0265,0.2917,1
E006_0400V_04.00A_G015_2023_07_05_Study002_Raw Data.mat,4.0249,0.3034,1
E006_0400V_04.00A_G015_2023_07_05_Study002_Raw Data.mat,4.0249,0.3034,1
E006_0400V_04.00A_G016_2023_07_05_Study001_Raw Data.mat,4.0278,0.2374,1
E006_0400V_04.00A_G016_2023_07_05_Study001_Raw Data.mat,4.0278,0.2374,1
E006_0400V_04.00A_G016_2023_07_05_Study002_Raw Data.mat,4.025,0.239,1
E006_0400V_04.00A_G017_2023_07_05_Study001_Raw Data.mat,4.0228,0.2462,1
E006_0400V_04.00A_G017_2023_07_05_Study002_Raw Data.mat,4.0253,0.2585,1
E006_0400V_04.00A_G017_2023_07_05_Study002_Raw Data.mat,4.0253,0.2585,1
E006_0400V_04.00A_G018_2023_07_05_Study001_Raw Data.mat,4.0222,0.2633,1
E006_0400V_04.00A_G018_2023_07_05_Study001_Raw Data.mat,4.0222,0.2633,1
E006_0400V_04.00A_G018_2023_07_05_Study002_Raw Data.mat,4.0233,0.2721,1
E006_0400V_04.00A_G018_2023_07_05_Study002_Raw Data.mat,4.0233,0.2721,1
E006_0400V_04.00A_G019_2023_07_05_Study001_Raw Data.mat,4.0282,0.2281,1
E006_0400V_04.00A_G019_2023_07_05_Study001_Raw Data.mat,4.0282,0.2281,1
E006_0400V_04.00A_G019_2023_07_05_Study002_Raw Data.mat,4.0247,0.2288,1
E006_0400V_04.00A_G020_2023_07_05_Study001_Raw Data.mat,4.0206,0.2356,1
E006_0400V_04.00A_G020_2023_07_05_Study002_Raw Data.mat,4.0208,0.2394,1
E006_0400V_04.00A_G021_2023_07_05_Study001_Raw Data.mat,4.0192,0.2815,1
E006_0400V_04.00A_G021_2023_07_05_Study002_Raw Data.mat,4.0198,0.2827,1
E006_0450V_04.50A_G001_2023_07_05_Study001_Raw Data.mat,4.5297,0.4071,1
E006_0450V_04.50A_G001_2023_07_05_Study002_Raw Data.mat,4.53,0.4007,1
E006_0450V_04.50A_G002_2023_07_05_Study001_Raw Data.mat,4.5322,0.6385,1
E006_0450V_04.50A_G002_2023_07_05_Study002_Raw Data.mat,4.5271,0.7186,1
E006_0450V_04.50A_G003_2023_07_05_Study001_Raw Data.mat,4.5275,0.6597,1
E006_0450V_04.50A_G003_2023_07_05_Study002_Raw Data.mat,4.5283,0.8734,1
E006_0450V_04.50A_G003_2023_07_05_Study002_Raw Data.mat,4.5283,0.8734,1
E006_0450V_04.50A_G004_2023_07_05_Study001_Raw Data.mat,4.5275,0.2985,1
E006_0450V_04.50A_G004_2023_07_05_Study002_Raw Data.mat,4.531,0.3194,1
E006_0450V_04.50A_G004_2023_07_05_Study002_Raw Data.mat,4.531,0.3194,1
E006_0450V_04.50A_G005_2023_07_05_Study001_Raw Data.mat,4.5284,0.476,1
E006_0450V_04.50A_G005_2023_07_05_Study001_Raw Data.mat,4.5284,0.476,1
E006_0450V_04.50A_G005_2023_07_05_Study002_Raw Data.mat,4.5292,0.4433,1
E006_0450V_04.50A_G005_2023_07_05_Study002_Raw Data.mat,4.5292,0.4433,1
E006_0450V_04.50A_G006_2023_07_05_Study001_Raw Data.mat,4.5289,0.4731,1
E006_0450V_04.50A_G006_2023_07_05_Study001_Raw Data.mat,4.5289,0.4731,1
E006_0450V_04.50A_G006_2023_07_05_Study002_Raw Data.mat,4.5308,0.5487,1
E006_0450V_04.50A_G006_2023_07_05_Study002_Raw Data.mat,4.5308,0.5487,1
E006_0450V_04.50A_G007_2023_07_05_Study001_Raw Data.mat,4.5321,0.2696,1
E006_0450V_04.50A_G007_2023_07_05_Study002_Raw Data.mat,4.5308,0.2774,1
E006_0450V_04.50A_G008_2023_07_05_Study001_Raw Data.mat,4.3872,0.8455,1
E006_0450V_04.50A_G008_2023_07_05_Study002_Raw Data.mat,4.525,0.34,1
E006_0450V_04.50A_G009_2023_07_05_Study001_Raw Data.mat,4.5232,0.3993,1
E006_0450V_04.50A_G009_2023_07_05_Study002_Raw Data.mat,4.5288,0.4127,1
E006_0450V_04.50A_G010_2023_07_05_Study001_Raw Data.mat,4.526,0.2623,1
E006_0450V_04.50A_G010_2023_07_05_Study002_Raw Data.mat,4.5308,0.2714,1
E006_0450V_04.50A_G011_2023_07_05_Study001_Raw Data.mat,4.5284,0.3203,1
E006_0450V_04.50A_G011_2023_07_05_Study002_Raw Data.mat,4.5303,0.3549,1
E006_0450V_04.50A_G012_2023_07_05_Study001_Raw Data.mat,4.5283,0.3435,1
E006_0450V_04.50A_G012_2023_07_05_Study002_Raw Data.mat,4.5286,0.4171,1
E006_0450V_04.50A_G013_2023_07_05_Study001_Raw Data.mat,4.5308,0.2629,1
E006_0450V_04.50A_G013_2023_07_05_Study002_Raw Data.mat,4.5329,0.263,1
E006_0450V_04.50A_G014_2023_07_05_Study001_Raw Data.mat,4.5312,0.3003,1
E006_0450V_04.50A_G014_2023_07_05_Study002_Raw Data.mat,4.5293,0.3056,1
E006_0450V_04.50A_G015_2023_07_05_Study001_Raw Data.mat,4.5353,0.3908,1
E006_0450V_04.50A_G015_2023_07_05_Study002_Raw Data.mat,4.5341,0.3688,1
E006_0450V_04.50A_G016_2023_07_05_Study001_Raw Data.mat,4.5279,0.2424,1
E006_0450V_04.50A_G016_2023_07_05_Study002_Raw Data.mat,4.533,0.2558,1
E006_0450V_04.50A_G017_2023_07_05_Study001_Raw Data.mat,4.5331,0.2896,1
E006_0450V_04.50A_G017_2023_07_05_Study002_Raw Data.mat,4.5323,0.2866,1
E006_0450V_04.50A_G018_2023_07_05_Study001_Raw Data.mat,4.5337,0.3347,1
E006_0450V_04.50A_G018_2023_07_05_Study002_Raw Data.mat,4.5342,0.3631,1
E006_0450V_04.50A_G019_2023_07_05_Study001_Raw Data.mat,4.5339,0.2865,1
E006_0450V_04.50A_G019_2023_07_05_Study002_Raw Data.mat,4.5306,0.2564,1
E006_0450V_04.50A_G020_2023_07_05_Study001_Raw Data.mat,4.537,0.2783,1
E006_0450V_04.50A_G020_2023_07_05_Study002_Raw Data.mat,4.5345,0.2881,1
E006_0450V_04.50A_G021_2023_07_05_Study001_Raw Data.mat,4.5317,0.3165,1
E006_0450V_04.50A_G021_2023_07_05_Study002_Raw Data.mat,4.5296,0.2987,1
E006_0450V_04.50A_G022_2023_07_05_Study001_Raw Data.mat,4.5325,0.243,1
E006_0450V_04.50A_G022_2023_07_05_Study002_Raw Data.mat,4.5324,0.2469,1
E006_0450V_04.50A_G023_2023_07_05_Study001_Raw Data.mat,4.5243,0.2581,1
E006_0450V_04.50A_G024_2023_07_05_Study001_Raw Data.mat,4.5246,0.2803,1
E006_0450V_04.50A_G024_2023_07_05_Study002_Raw Data.mat,4.5259,0.2957,1
E006_0500V_05.00A_G001_2023_07_06_Study001_Raw Data.mat,5.0433,0.5995,1
E006_0500V_05.00A_G001_2023_07_06_Study002_Raw Data.mat,5.0399,0.7096,1
E006_0500V_05.00A_G002_2023_07_06_Study001_Raw Data.mat,5.0429,0.8114,1
E006_0500V_05.00A_G002_2023_07_06_Study002_Raw Data.mat,5.041,1.2346,1
E006_0500V_05.00A_G003_2023_07_06_Study001_Raw Data.mat,5.0391,1.3445,1
E006_0500V_05.00A_G003_2023_07_06_Study002_Raw Data.mat,5.0397,1.4549,1
E006_0500V_05.00A_G004_2023_07_06_Study001_Raw Data.mat,5.0402,0.386,1
E006_0500V_05.00A_G004_2023_07_06_Study002_Raw Data.mat,5.0408,0.4072,1
E006_0500V_05.00A_G005_2023_07_06_Study001_Raw Data.mat,5.0378,0.4812,1
E006_0500V_05.00A_G005_2023_07_06_Study002_Raw Data.mat,5.0392,0.5856,1
E006_0500V_05.00A_G006_2023_07_06_Study001_Raw Data.mat,5.0436,0.8845,1
E006_0500V_05.00A_G006_2023_07_06_Study002_Raw Data.mat,5.039,0.7345,1
E006_0500V_05.00A_G007_2023_07_06_Study001_Raw Data.mat,5.0423,0.3105,1
E006_0500V_05.00A_G007_2023_07_06_Study002_Raw Data.mat,5.0402,0.3377,1
E006_0500V_05.00A_G008_2023_07_06_Study001_Raw Data.mat,5.0452,0.3909,1
E006_0500V_05.00A_G008_2023_07_06_Study002_Raw Data.mat,5.0404,0.3756,1
E006_0500V_05.00A_G009_2023_07_06_Study001_Raw Data.mat,5.0386,0.5963,1
E006_0500V_05.00A_G009_2023_07_06_Study002_Raw Data.mat,5.0416,0.5302,1
E006_0500V_05.00A_G010_2023_07_06_Study001_Raw Data.mat,5.0401,0.2794,1
E006_0500V_05.00A_G010_2023_07_06_Study002_Raw Data.mat,5.0434,0.3003,1
E006_0500V_05.00A_G011_2023_07_06_Study001_Raw Data.mat,5.0362,0.3832,1
E006_0500V_05.00A_G011_2023_07_06_Study002_Raw Data.mat,5.0424,0.3746,1
E006_0500V_05.00A_G012_2023_07_06_Study001_Raw Data.mat,5.0397,0.4393,1
E006_0500V_05.00A_G012_2023_07_06_Study002_Raw Data.mat,5.0429,0.434,1
E006_0500V_05.00A_G013_2023_07_06_Study001_Raw Data.mat,5.0435,0.2779,1
E006_0500V_05.00A_G013_2023_07_06_Study002_Raw Data.mat,5.0438,0.2778,1
E006_0500V_05.00A_G014_2023_07_06_Study001_Raw Data.mat,5.0486,0.3123,1
E006_0500V_05.00A_G014_2023_07_06_Study002_Raw Data.mat,5.0447,0.3402,1
E006_0500V_05.00A_G015_2023_07_06_Study001_Raw Data.mat,5.0494,0.3748,1
E006_0500V_05.00A_G015_2023_07_06_Study002_Raw Data.mat,5.0379,0.4776,1
E006_0500V_05.00A_G016_2023_07_06_Study001_Raw Data.mat,5.0424,0.2643,1
E006_0500V_05.00A_G016_2023_07_06_Study002_Raw Data.mat,5.0443,0.2574,1
E006_0500V_05.00A_G017_2023_07_06_Study001_Raw Data.mat,5.0418,0.3133,1
E006_0500V_05.00A_G017_2023_07_06_Study002_Raw Data.mat,5.0448,0.303,1
E006_0500V_05.00A_G018_2023_07_06_Study001_Raw Data.mat,5.0409,0.3508,1
E006_0500V_05.00A_G018_2023_07_06_Study002_Raw Data.mat,5.0423,0.3445,1
E006_0500V_05.00A_G019_2023_07_06_Study001_Raw Data.mat,5.0437,0.2244,1
E006_0500V_05.00A_G019_2023_07_06_Study002_Raw Data.mat,5.0414,0.2633,1
E006_0500V_05.00A_G020_2023_07_06_Study001_Raw Data.mat,5.0163,0.3473,1
E006_0500V_05.00A_G020_2023_07_06_Study002_Raw Data.mat,5.0429,0.3085,1
E006_0500V_05.00A_G021_2023_07_06_Study001_Raw Data.mat,5.0514,0.3504,1
E006_0500V_05.00A_G021_2023_07_06_Study002_Raw Data.mat,5.0463,0.362,1
E006_0500V_05.00A_G022_2023_07_06_Study001_Raw Data.mat,5.0432,0.2533,1
E006_0500V_05.00A_G022_2023_07_06_Study002_Raw Data.mat,5.0427,0.2437,1
E006_0500V_05.00A_G023_2023_07_06_Study001_Raw Data.mat,5.0438,0.2959,1
E006_0500V_05.00A_G023_2023_07_06_Study002_Raw Data.mat,5.0439,0.2962,1
E006_0500V_05.00A_G024_2023_07_06_Study001_Raw Data.mat,5.0409,0.3071,1
E006_0500V_05.00A_G024_2023_07_06_Study002_Raw Data.mat,5.0443,0.348,1
E006_0500V_05.00A_G025_2023_07_06_Study001_Raw Data.mat,5.0462,0.2513,1
E006_0500V_05.00A_G025_2023_07_06_Study002_Raw Data.mat,5.0483,0.2786,1
E006_0500V_05.00A_G026_2023_07_06_Study001_Raw Data.mat,5.0466,0.2899,1
E006_0500V_05.00A_G026_2023_07_06_Study002_Raw Data.mat,5.0452,0.3174,1
E006_0500V_05.00A_G027_2023_07_06_Study001_Raw Data.mat,5.0437,0.3175,1
E006_0500V_05.00A_G027_2023_07_06_Study002_Raw Data.mat,5.0454,0.3482,1
E007_0150V_01.50A_G001_2023_07_09_Study001_Raw Data.mat,1.491,0.2507,1
E007_0150V_01.50A_G002_2023_07_09_Study001_Raw Data.mat,1.492,0.4275,1
E007_0150V_01.50A_G002_2023_07_09_Study002_Raw Data.mat,1.492,0.3575,1
E007_0150V_01.50A_G003_2023_07_09_Study001_Raw Data.mat,1.4903,0.2756,1
E007_0150V_01.50A_G004_2023_07_09_Study001_Raw Data.mat,1.4911,0.2572,1
E007_0150V_01.50A_G004_2023_07_09_Study002_Raw Data.mat,1.4917,0.2611,1
E007_0150V_01.50A_G005_2023_07_09_Study001_Raw Data.mat,1.4909,0.2569,1
E007_0150V_01.50A_G006_2023_07_09_Study001_Raw Data.mat,1.4874,0.2303,1
E007_0150V_01.50A_G006_2023_07_09_Study002_Raw Data.mat,1.4881,0.2572,1
E007_0150V_01.50A_G007_2023_07_09_Study001_Raw Data.mat,1.4917,0.2227,1
E007_0150V_01.50A_G007_2023_07_09_Study002_Raw Data.mat,1.4905,0.2278,1
E007_0150V_01.50A_G008_2023_07_09_Study001_Raw Data.mat,1.491,0.2536,1
E007_0150V_01.50A_G008_2023_07_09_Study002_Raw Data.mat,1.4903,0.2434,1
E007_0150V_01.50A_G009_2023_07_09_Study001_Raw Data.mat,1.4917,0.2734,1
E007_0150V_01.50A_G009_2023_07_09_Study002_Raw Data.mat,1.4889,0.2764,1
E007_0200V_02.00A_G001_2023_07_10_Study001_Raw Data.mat,2.0017,0.2571,1
E007_0200V_02.00A_G001_2023_07_10_Study002_Raw Data.mat,2.001,0.2452,1
E007_0200V_02.00A_G002_2023_07_10_Study001_Raw Data.mat,2.0017,0.3232,1
E007_0200V_02.00A_G002_2023_07_10_Study002_Raw Data.mat,1.9989,0.2841,1
E007_0200V_02.00A_G003_2023_07_10_Study001_Raw Data.mat,2.0029,0.365,1
E007_0200V_02.00A_G003_2023_07_10_Study002_Raw Data.mat,2.0017,0.3217,1
E007_0200V_02.00A_G004_2023_07_10_Study001_Raw Data.mat,2.0011,0.2612,1
E007_0200V_02.00A_G004_2023_07_10_Study002_Raw Data.mat,2.0021,0.2404,1
E007_0200V_02.00A_G005_2023_07_10_Study001_Raw Data.mat,2.0031,0.3038,1
E007_0200V_02.00A_G005_2023_07_10_Study002_Raw Data.mat,2.0032,0.2976,1
E007_0200V_02.00A_G006_2023_07_10_Study001_Raw Data.mat,2.0016,0.3709,1
E007_0200V_02.00A_G006_2023_07_10_Study002_Raw Data.mat,2.0002,0.3827,1
E007_0200V_02.00A_G007_2023_07_10_Study001_Raw Data.mat,2.0026,0.2037,1
E007_0200V_02.00A_G007_2023_07_10_Study002_Raw Data.mat,2.0012,0.2073,1
E007_0200V_02.00A_G008_2023_07_10_Study001_Raw Data.mat,2.0019,0.2183,1
E007_0200V_02.00A_G008_2023_07_10_Study002_Raw Data.mat,2.0027,0.226,1
E007_0200V_02.00A_G009_2023_07_10_Study001_Raw Data.mat,2.0031,0.2222,1
E007_0200V_02.00A_G009_2023_07_10_Study002_Raw Data.mat,2.0024,0.2218,1
E007_0250V_02.50A_G001_2023_07_10_Study001_Raw Data.mat,2.4983,0.2732,1
E007_0250V_02.50A_G002_2023_07_10_Study001_Raw Data.mat,2.5066,0.3756,1
E007_0250V_02.50A_G002_2023_07_10_Study002_Raw Data.mat,2.5068,0.3442,1
E007_0250V_02.50A_G003_2023_07_10_Study001_Raw Data.mat,2.5074,0.2651,1
E007_0250V_02.50A_G004_2023_07_10_Study001_Raw Data.mat,2.5079,0.2246,1
E007_0250V_02.50A_G005_2023_07_10_Study001_Raw Data.mat,2.5094,0.2876,1
E007_0250V_02.50A_G006_2023_07_10_Study001_Raw Data.mat,2.508,0.4415,1
E007_0250V_02.50A_G006_2023_07_10_Study002_Raw Data.mat,2.5091,0.3779,1
E007_0250V_02.50A_G007_2023_07_10_Study001_Raw Data.mat,2.508,0.2365,1
E007_0250V_02.50A_G007_2023_07_10_Study002_Raw Data.mat,2.5066,0.2409,1
E007_0250V_02.50A_G008_2023_07_10_Study001_Raw Data.mat,2.5089,0.2666,1
E007_0250V_02.50A_G008_2023_07_10_Study002_Raw Data.mat,2.5059,0.2657,1
E007_0250V_02.50A_G009_2023_07_10_Study001_Raw Data.mat,2.5084,0.3103,1
E007_0250V_02.50A_G009_2023_07_10_Study002_Raw Data.mat,2.5077,0.3053,1
E007_0250V_02.50A_G010_2023_07_10_Study001_Raw Data.mat,2.5088,0.2325,1
E007_0250V_02.50A_G010_2023_07_10_Study002_Raw Data.mat,2.5041,0.2348,1
E007_0250V_02.50A_G011_2023_07_10_Study001_Raw Data.mat,2.5082,0.2454,1
E007_0250V_02.50A_G011_2023_07_10_Study002_Raw Data.mat,2.5095,0.2455,1
E007_0250V_02.50A_G012_2023_07_10_Study001_Raw Data.mat,2.5091,0.2354,1
E007_0250V_02.50A_G012_2023_07_10_Study002_Raw Data.mat,2.5091,0.2352,1
E007_0300V_03.00A_G001_2023_07_18_Study001_Raw Data.mat,3.0152,0.2592,1
E007_0300V_03.00A_G001_2023_07_18_Study002_Raw Data.mat,3.0132,0.2789,1
E007_0300V_03.00A_G002_2023_07_18_Study002_Raw Data.mat,3.0134,0.3455,1
E007_0300V_03.00A_G003_2023_07_18_Study001_Raw Data.mat,3.0155,0.4515,1
E007_0300V_03.00A_G004_2023_07_18_Study001_Raw Data.mat,3.0167,0.2462,1
E007_0300V_03.00A_G004_2023_07_18_Study002_Raw Data.mat,3.0135,0.2491,1
E007_0300V_03.00A_G005_2023_07_18_Study001_Raw Data.mat,3.0145,0.2579,1
E007_0300V_03.00A_G005_2023_07_18_Study002_Raw Data.mat,3.0153,0.2838,1
E007_0300V_03.00A_G006_2023_07_18_Study001_Raw Data.mat,3.0161,0.2981,1
E007_0300V_03.00A_G007_2023_07_18_Study001_Raw Data.mat,3.0166,0.2623,1
E007_0300V_03.00A_G008_2023_07_18_Study001_Raw Data.mat,3.0166,0.24,1
E007_0300V_03.00A_G009_2023_07_18_Study001_Raw Data.mat,3.017,0.3047,1
E007_0300V_03.00A_G010_2023_07_18_Study001_Raw Data.mat,3.0178,0.2392,1
E007_0300V_03.00A_G011_2023_07_18_Study001_Raw Data.mat,3.0158,0.2677,1
E007_0300V_03.00A_G011_2023_07_18_Study002_Raw Data.mat,3.0141,0.2427,1
E007_0300V_03.00A_G012_2023_07_18_Study001_Raw Data.mat,3.0177,0.3105,1
E007_0300V_03.00A_G013_2023_07_18_Study001_Raw Data.mat,3.0155,0.2203,1
E007_0300V_03.00A_G014_2023_07_18_Study001_Raw Data.mat,3.0164,0.2366,1
E007_0300V_03.00A_G014_2023_07_18_Study002_Raw Data.mat,3.0157,0.2345,1
E007_0300V_03.00A_G015_2023_07_18_Study001_Raw Data.mat,3.0142,0.2412,1
E007_0300V_03.00A_G015_2023_07_18_Study002_Raw Data.mat,3.0157,0.2409,1
E007_0350V_03.50A_G001_2023_07_18_Study001_Raw Data.mat,3.5152,0.3135,1
E007_0350V_03.50A_G002_2023_07_18_Study001_Raw Data.mat,3.5178,0.577,1
E007_0350V_03.50A_G003_2023_07_18_Study001_Raw Data.mat,3.5163,0.5474,1
E007_0350V_03.50A_G004_2023_07_18_Study001_Raw Data.mat,3.5172,0.312,1
E007_0350V_03.50A_G005_2023_07_18_Study001_Raw Data.mat,3.5156,0.3935,1
E007_0350V_03.50A_G005_2023_07_18_Study002_Raw Data.mat,3.5167,0.3875,1
E007_0350V_03.50A_G006_2023_07_18_Study001_Raw Data.mat,3.5195,0.3841,1
E007_0350V_03.50A_G007_2023_07_18_Study001_Raw Data.mat,3.5201,0.2578,1
E007_0350V_03.50A_G008_2023_07_18_Study001_Raw Data.mat,3.5183,0.2976,1
E007_0350V_03.50A_G009_2023_07_18_Study001_Raw Data.mat,3.5189,0.3936,1
E007_0350V_03.50A_G010_2023_07_18_Study002_Raw Data.mat,3.5077,0.2508,1
E007_0350V_03.50A_G011_2023_07_18_Study001_Raw Data.mat,3.5158,0.3141,1
E007_0350V_03.50A_G012_2023_07_18_Study001_Raw Data.mat,3.519,0.353,1
E007_0350V_03.50A_G013_2023_09_21_Study001_Raw Data.mat,3.5097,0.2286,1
E007_0350V_03.50A_G014_2023_09_21_Study001_Raw Data.mat,3.5097,0.2285,1
E007_0350V_03.50A_G015_2023_09_21_Study001_Raw Data.mat,3.5101,0.3236,1
E007_0350V_03.50A_G016_2023_09_21_Study001_Raw Data.mat,3.5094,0.2205,1
E007_0350V_03.50A_G017_2023_09_21_Study001_Raw Data.mat,3.5088,0.2328,1
E007_0350V_03.50A_G018_2023_09_21_Study001_Raw Data.mat,3.5087,0.2548,1
E007_0400V_04.00A_G001_2023_09_21_Study001_Raw Data.mat,4.0112,0.5166,1
E007_0400V_04.00A_G002_2023_09_21_Study001_Raw Data.mat,4.0135,0.7034,1
E007_0400V_04.00A_G003_2023_09_21_Study001_Raw Data.mat,4.0124,0.705,1
E007_0400V_04.00A_G004_2023_09_21_Study001_Raw Data.mat,4.0137,0.3305,1
E007_0400V_04.00A_G005_2023_09_21_Study001_Raw Data.mat,4.0133,0.4001,1
E007_0400V_04.00A_G006_2023_09_21_Study001_Raw Data.mat,4.0135,0.4423,1
E007_0400V_04.00A_G007_2023_09_21_Study001_Raw Data.mat,4.0148,0.2725,1
E007_0400V_04.00A_G007_2023_09_21_Study002_Raw Data.mat,4.0157,0.2609,1
E007_0400V_04.00A_G008_2023_09_21_Study001_Raw Data.mat,4.0148,0.3027,1
E007_0400V_04.00A_G009_2023_09_21_Study001_Raw Data.mat,4.0145,0.493,1
E007_0400V_04.00A_G010_2023_09_21_Study001_Raw Data.mat,4.0107,0.2682,1
E007_0400V_04.00A_G011_2023_09_21_Study001_Raw Data.mat,4.0111,0.3323,1
E007_0400V_04.00A_G012_2023_09_21_Study001_Raw Data.mat,4.0118,0.3345,1
E007_0400V_04.00A_G013_2023_09_21_Study001_Raw Data.mat,4.0123,0.2567,1
E007_0400V_04.00A_G014_2023_09_21_Study001_Raw Data.mat,4.0123,0.3042,1
E007_0400V_04.00A_G015_2023_09_21_Study001_Raw Data.mat,4.0118,0.3223,1
E007_0400V_04.00A_G016_2023_09_21_Study001_Raw Data.mat,4.0104,0.2412,1
E007_0400V_04.00A_G017_2023_09_21_Study001_Raw Data.mat,4.0106,0.2654,1
E007_0400V_04.00A_G018_2023_09_21_Study001_Raw Data.mat,4.0128,0.303,1
E007_0400V_04.00A_G018_2023_09_21_Study002_Raw Data.mat,4.0045,0.3314,1
E007_0400V_04.00A_G019_2023_09_21_Study001_Raw Data.mat,4.0145,0.2446,1
E007_0400V_04.00A_G020_2023_09_21_Study001_Raw Data.mat,4.015,0.2475,1
E007_0400V_04.00A_G021_2023_09_21_Study001_Raw Data.mat,4.0126,0.3113,1
E007_0450V_04.50A_G001_2023_09_21_Study001_Raw Data.mat,4.5213,0.5162,1
E007_0450V_04.50A_G002_2023_09_21_Study001_Raw Data.mat,4.5198,0.7759,1
E007_0450V_04.50A_G003_2023_09_21_Study001_Raw Data.mat,4.5208,1.0754,1
E007_0450V_04.50A_G004_2023_09_21_Study001_Raw Data.mat,4.5209,0.3601,1
E007_0450V_04.50A_G005_2023_09_21_Study001_Raw Data.mat,4.5222,0.4963,1
E007_0450V_04.50A_G006_2023_09_21_Study001_Raw Data.mat,4.5231,0.5628,1
E007_0450V_04.50A_G007_2023_09_21_Study001_Raw Data.mat,4.5215,0.3375,1
E007_0450V_04.50A_G008_2023_09_21_Study001_Raw Data.mat,4.5229,0.3662,1
E007_0450V_04.50A_G009_2023_09_21_Study001_Raw Data.mat,4.523,0.6882,1
E007_0450V_04.50A_G010_2023_09_21_Study001_Raw Data.mat,4.5198,0.2941,1
E007_0450V_04.50A_G011_2023_09_21_Study001_Raw Data.mat,4.5219,0.3538,1
E007_0450V_04.50A_G012_2023_09_21_Study001_Raw Data.mat,4.5199,0.43,1
E007_0450V_04.50A_G013_2023_10_17_Study001_Raw Data.mat,4.5095,0.2625,1
E007_0450V_04.50A_G014_2023_10_17_Study001_Raw Data.mat,4.512,0.3348,1
E007_0450V_04.50A_G015_2023_10_17_Study001_Raw Data.mat,4.5136,0.4017,1
E007_0450V_04.50A_G016_2023_10_17_Study001_Raw Data.mat,4.5144,0.2697,1
E007_0450V_04.50A_G017_2023_10_17_Study001_Raw Data.mat,4.516,0.3169,1
E007_0450V_04.50A_G018_2023_10_17_Study001_Raw Data.mat,4.5177,0.3584,1
E007_0450V_04.50A_G019_2023_10_17_Study001_Raw Data.mat,4.5173,0.2539,1
E007_0450V_04.50A_G020_2023_10_17_Study001_Raw Data.mat,4.5196,0.3058,1
E007_0450V_04.50A_G020_2023_10_17_Study002_Raw Data.mat,4.5193,0.2822,1
E007_0450V_04.50A_G021_2023_10_17_Study001_Raw Data.mat,4.5202,0.3217,1
E007_0450V_04.50A_G021_2023_10_17_Study002_Raw Data.mat,4.5214,0.3155,1
E007_0450V_04.50A_G022_2023_10_17_Study001_Raw Data.mat,4.5225,0.248,1
E007_0450V_04.50A_G023_2023_10_17_Study001_Raw Data.mat,4.5191,0.271,1
E007_0450V_04.50A_G024_2023_10_17_Study001_Raw Data.mat,4.5186,0.2956,1
E007_0500V_05.00A_G001_2023_10_17_Study001_Raw Data.mat,5.0248,0.5861,1
E007_0500V_05.00A_G002_2023_10_17_Study001_Raw Data.mat,5.028,1.0734,1
E007_0500V_05.00A_G003_2023_10_17_Study001_Raw Data.mat,5.0285,1.4272,1
E007_0500V_05.00A_G004_2023_10_17_Study001_Raw Data.mat,5.0275,0.5096,1
E007_0500V_05.00A_G004_2023_10_17_Study002_Raw Data.mat,5.0295,0.4174,1
E007_0500V_05.00A_G005_2023_10_17_Study001_Raw Data.mat,5.0288,0.6422,1
E007_0500V_05.00A_G006_2023_10_17_Study001_Raw Data.mat,5.0302,0.8252,1
E007_0500V_05.00A_G007_2023_10_17_Study001_Raw Data.mat,5.0278,0.3427,1
E007_0500V_05.00A_G007_2023_10_17_Study002_Raw Data.mat,5.027,0.339,1
E007_0500V_05.00A_G008_2023_10_17_Study001_Raw Data.mat,5.0216,0.602,1
E007_0500V_05.00A_G008_2023_10_17_Study002_Raw Data.mat,4.8746,,0
E007_0500V_05.00A_G009_2023_10_17_Study001_Raw Data.mat,5.0299,0.6691,1
E007_0500V_05.00A_G010_2023_10_17_Study001_Raw Data.mat,5.0222,0.3428,1
E007_0500V_05.00A_G010_2023_10_17_Study002_Raw Data.mat,4.875,0.6196,1
E007_0500V_05.00A_G011_2023_10_17_Study001_Raw Data.mat,5.026,0.3914,1
E007_0500V_05.00A_G012_2023_10_17_Study001_Raw Data.mat,5.0238,0.5212,1
E007_0500V_05.00A_G013_2023_10_18_Study001_Raw Data.mat,5.0276,0.292,1
E007_0500V_05.00A_G014_2023_10_18_Study001_Raw Data.mat,5.0239,0.3932,1
E007_0500V_05.00A_G015_2023_10_18_Study001_Raw Data.mat,5.0213,0.4908,1
E007_0500V_05.00A_G016_2023_10_18_Study001_Raw Data.mat,5.0206,0.288,1
E007_0500V_05.00A_G017_2023_10_18_Study001_Raw Data.mat,5.0166,0.3903,1
E007_0500V_05.00A_G017_2023_10_18_Study002_Raw Data.mat,5.0173,0.3816,1
E007_0500V_05.00A_G018_2023_10_18_Study001_Raw Data.mat,5.0203,0.4058,1
E007_0500V_05.00A_G019_2023_10_18_Study001_Raw Data.mat,5.019,0.2836,1
E007_0500V_05.00A_G020_2023_10_18_Study001_Raw Data.mat,5.0209,0.3366,1
E007_0500V_05.00A_G020_2023_10_18_Study002_Raw Data.mat,4.8554,0.7854,1
E007_0500V_05.00A_G021_2023_10_18_Study001_Raw Data.mat,5.0237,0.3918,1
E007_0500V_05.00A_G022_2023_10_18_Study001_Raw Data.mat,5.0228,0.2639,1
E007_0500V_05.00A_G023_2023_10_18_Study001_Raw Data.mat,5.021,0.3144,1
E007_0500V_05.00A_G024_2023_10_18_Study001_Raw Data.mat,5.022,0.3935,1
E007_0500V_05.00A_G025_2023_10_18_Study001_Raw Data.mat,5.0197,0.2611,1
E007_0500V_05.00A_G025_2023_10_18_Study002_Raw Data.mat,4.8623,0.4391,1
E007_0500V_05.00A_G026_2023_10_18_Study001_Raw Data.mat,5.0223,0.3305,1
E007_0500V_05.00A_G027_2023_10_18_Study001_Raw Data.mat,5.0213,0.3655,1
E008_0150V_01.50A_G001_2023_07_06_Study002_Raw Data.mat,1.4899,0.227,1
E008_0150V_01.50A_G001_2023_07_06_Study003_Raw Data.mat,1.4863,0.2658,1
E008_0150V_01.50A_G002_2023_07_06_Study001_Raw Data.mat,1.4893,0.2334,1
E008_0150V_01.50A_G002_2023_07_06_Study002_Raw Data.mat,1.486,0.2158,1
E008_0150V_01.50A_G003_2023_07_06_Study001_Raw Data.mat,1.4904,0.2845,1
E008_0150V_01.50A_G004_2023_07_06_Study001_Raw Data.mat,1.4901,0.2105,1
E008_0150V_01.50A_G004_2023_07_06_Study002_Raw Data.mat,1.4854,0.2314,1
E008_0150V_01.50A_G005_2023_07_06_Study001_Raw Data.mat,1.4911,0.2507,1
E008_0150V_01.50A_G005_2023_07_06_Study002_Raw Data.mat,1.4906,0.2536,1
E008_0150V_01.50A_G006_2023_07_06_Study001_Raw Data.mat,1.4883,0.2565,1
E008_0150V_01.50A_G006_2023_07_06_Study002_Raw Data.mat,1.4853,0.2489,1
E008_0150V_01.50A_G007_2023_07_09_Study001_Raw Data.mat,1.4913,0.2162,1
E008_0150V_01.50A_G007_2023_07_09_Study002_Raw Data.mat,1.4899,0.2176,1
E008_0150V_01.50A_G008_2023_07_09_Study001_Raw Data.mat,1.4862,0.234,1
E008_0150V_01.50A_G009_2023_07_09_Study001_Raw Data.mat,1.4887,0.2577,1
E008_0150V_01.50A_G009_2023_07_09_Study002_Raw Data.mat,1.4884,0.2563,1
E008_0200V_02.00A_G001_2023_07_09_Study001_Raw Data.mat,2.0008,0.2215,1
E008_0200V_02.00A_G001_2023_07_09_Study002_Raw Data.mat,1.9999,0.2391,1
E008_0200V_02.00A_G002_2023_07_09_Study001_Raw Data.mat,2.0007,0.243,1
E008_0200V_02.00A_G003_2023_07_09_Study001_Raw Data.mat,1.9992,0.2573,1
E008_0200V_02.00A_G003_2023_07_09_Study002_Raw Data.mat,1.9977,0.2947,1
E008_0200V_02.00A_G004_2023_07_09_Study001_Raw Data.mat,2.0007,0.2272,1
E008_0200V_02.00A_G005_2023_07_09_Study001_Raw Data.mat,1.9978,0.2202,1
E008_0200V_02.00A_G006_2023_07_09_Study001_Raw Data.mat,1.9999,0.2149,1
E008_0200V_02.00A_G006_2023_07_09_Study002_Raw Data.mat,1.9994,0.234,1
E008_0200V_02.00A_G007_2023_07_09_Study001_Raw Data.mat,2.0002,0.2163,1
E008_0200V_02.00A_G008_2023_07_09_Study001_Raw Data.mat,2.0006,0.2419,1
E008_0200V_02.00A_G008_2023_07_09_Study002_Raw Data.mat,1.9933,0.2581,1
E008_0200V_02.00A_G009_2023_07_09_Study001_Raw Data.mat,1.9999,0.2547,1
E008_0200V_02.00A_G009_2023_07_09_Study002_Raw Data.mat,1.9964,0.2713,1
E008_0250V_02.50A_G001_2023_07_09_Study001_Raw Data.mat,2.5067,0.2357,1
E008_0250V_02.50A_G002_2023_07_09_Study001_Raw Data.mat,2.5065,0.2687,1
E008_0250V_02.50A_G002_2023_07_09_Study002_Raw Data.mat,2.5029,0.338,1
E008_0250V_02.50A_G003_2023_07_09_Study001_Raw Data.mat,2.5074,0.3817,1
E008_0250V_02.50A_G003_2023_07_09_Study002_Raw Data.mat,2.5055,0.3839,1
E008_0250V_02.50A_G004_2023_07_09_Study001_Raw Data.mat,2.508,0.2426,1
E008_0250V_02.50A_G004_2023_07_09_Study002_Raw Data.mat,2.5052,0.2464,1
E008_0250V_02.50A_G005_2023_07_09_Study001_Raw Data.mat,2.5079,0.2367,1
E008_0250V_02.50A_G005_2023_07_09_Study002_Raw Data.mat,2.479,0.3057,1
E008_0250V_02.50A_G006_2023_07_09_Study001_Raw Data.mat,2.5073,0.2968,1
E008_0250V_02.50A_G006_2023_07_09_Study002_Raw Data.mat,2.5074,0.319,1
E008_0250V_02.50A_G007_2023_07_09_Study001_Raw Data.mat,2.5077,0.2195,1
E008_0250V_02.50A_G008_2023_07_09_Study001_Raw Data.mat,2.5067,0.2169,1
E008_0250V_02.50A_G008_2023_07_09_Study002_Raw Data.mat,2.5052,0.253,1
E008_0250V_02.50A_G009_2023_07_09_Study001_Raw Data.mat,2.5072,0.2575,1
E008_0250V_02.50A_G009_2023_07_09_Study002_Raw Data.mat,2.5033,0.252,1
E008_0250V_02.50A_G010_2023_07_09_Study001_Raw Data.mat,2.5063,0.2189,1
E008_0250V_02.50A_G010_2023_07_09_Study002_Raw Data.mat,2.5012,0.23,1
E008_0250V_02.50A_G011_2023_07_09_Study001_Raw Data.mat,2.5075,0.2364,1
E008_0250V_02.50A_G011_2023_07_09_Study002_Raw Data.mat,2.506,0.2233,1
E008_0250V_02.50A_G012_2023_07_09_Study001_Raw Data.mat,2.5074,0.2152,1
E008_0250V_02.50A_G012_2023_07_09_Study002_Raw Data.mat,2.5055,0.2276,1
E008_0300V_03.00A_G001_2023_07_09_Study001_Raw Data.mat,3.011,0.242,1
E008_0300V_03.00A_G002_2023_07_09_Study001_Raw Data.mat,3.0087,0.3074,1
E008_0300V_03.00A_G002_2023_07_09_Study002_Raw Data.mat,3.0072,0.4237,1
E008_0300V_03.00A_G003_2023_07_09_Study001_Raw Data.mat,3.011,0.4883,1
E008_0300V_03.00A_G004_2023_07_09_Study001_Raw Data.mat,3.0135,0.2384,1
E008_0300V_03.00A_G005_2023_07_09_Study001_Raw Data.mat,3.0109,0.2834,1
E008_0300V_03.00A_G005_2023_07_09_Study002_Raw Data.mat,3.0067,0.2809,1
E008_0300V_03.00A_G006_2023_07_09_Study001_Raw Data.mat,3.0128,0.3381,1
E008_0300V_03.00A_G007_2023_07_09_Study001_Raw Data.mat,3.0128,0.2292,1
E008_0300V_03.00A_G008_2023_07_09_Study001_Raw Data.mat,3.0127,0.2592,1
E008_0300V_03.00A_G008_2023_07_09_Study002_Raw Data.mat,3.0118,0.2919,1
E008_0300V_03.00A_G009_2023_07_09_Study001_Raw Data.mat,3.013,0.256,1
E008_0300V_03.00A_G010_2023_07_09_Study001_Raw Data.mat,3.0149,0.227,1
E008_0300V_03.00A_G010_2023_07_09_Study002_Raw Data.mat,3.0121,0.2384,1
E008_0300V_03.00A_G011_2023_07_09_Study001_Raw Data.mat,3.0132,0.2278,1
E008_0300V_03.00A_G011_2023_07_09_Study002_Raw Data.mat,3.0075,0.2589,1
E008_0300V_03.00A_G012_2023_07_09_Study001_Raw Data.mat,3.0132,0.255,1
E008_0300V_03.00A_G012_2023_07_09_Study002_Raw Data.mat,3.0104,0.3085,1
E008_0300V_03.00A_G013_2023_09_07_Study001_Raw Data.mat,3.0038,0.215,1
E008_0300V_03.00A_G013_2023_09_07_Study002_Raw Data.mat,3.0021,0.2261,1
E008_0300V_03.00A_G014_2023_09_07_Study001_Raw Data.mat,3.0031,0.2215,1
E008_0300V_03.00A_G015_2023_09_07_Study001_Raw Data.mat,3.0019,0.2549,1
E008_0300V_03.00A_G015_2023_09_07_Study002_Raw Data.mat,2.9988,0.2746,1
E008_0350V_03.50A_G001_2023_09_07_Study001_Raw Data.mat,3.5044,0.3464,1
E008_0350V_03.50A_G002_2023_09_07_Study001_Raw Data.mat,3.5054,0.5405,1
E008_0350V_03.50A_G002_2023_09_07_Study002_Raw Data.mat,3.5039,0.7384,1
E008_0350V_03.50A_G003_2023_09_07_Study001_Raw Data.mat,3.5049,1.1564,1
E008_0350V_03.50A_G003_2023_09_07_Study002_Raw Data.mat,3.5036,0.906,1
E008_0350V_03.50A_G004_2023_09_07_Study001_Raw Data.mat,3.5053,0.303,1
E008_0350V_03.50A_G004_2023_09_07_Study002_Raw Data.mat,3.5052,0.3029,1
E008_0350V_03.50A_G005_2023_09_07_Study001_Raw Data.mat,3.5049,0.3783,1
E008_0350V_03.50A_G005_2023_09_07_Study002_Raw Data.mat,3.505,0.3665,1
E008_0350V_03.50A_G006_2023_09_07_Study001_Raw Data.mat,3.5047,0.5082,1
E008_0350V_03.50A_G006_2023_09_07_Study002_Raw Data.mat,3.4967,0.413,1
E008_0350V_03.50A_G007_2023_09_07_Study001_Raw Data.mat,3.5029,0.2494,1
E008_0350V_03.50A_G008_2023_09_07_Study001_Raw Data.mat,3.4993,0.2498,1
E008_0350V_03.50A_G009_2023_09_07_Study001_Raw Data.mat,3.5027,0.3283,1
E008_0350V_03.50A_G010_2023_09_07_Study001_Raw Data.mat,3.4996,0.2427,1
E008_0350V_03.50A_G011_2023_09_07_Study001_Raw Data.mat,3.502,0.2617,1
E008_0350V_03.50A_G012_2023_09_07_Study001_Raw Data.mat,3.5012,0.3025,1
E008_0350V_03.50A_G012_2023_09_07_Study002_Raw Data.mat,3.4968,0.3472,1
E008_0350V_03.50A_G013_2023_09_07_Study001_Raw Data.mat,3.5031,0.2399,1
E008_0350V_03.50A_G013_2023_09_07_Study002_Raw Data.mat,3.4957,0.2407,1
E008_0350V_03.50A_G014_2023_09_07_Study001_Raw Data.mat,3.5017,0.2536,1
E008_0350V_03.50A_G015_2023_09_07_Study001_Raw Data.mat,3.5,0.2702,1
E008_0350V_03.50A_G016_2023_09_07_Study001_Raw Data.mat,3.4999,0.2387,1
E008_0350V_03.50A_G016_2023_09_07_Study002_Raw Data.mat,3.4997,0.2566,1
E008_0350V_03.50A_G017_2023_09_07_Study001_Raw Data.mat,3.5008,0.2717,1
E008_0350V_03.50A_G018_2023_09_07_Study001_Raw Data.mat,3.5008,0.326,1
E008_0350V_03.50A_G018_2023_09_07_Study002_Raw Data.mat,3.4976,0.3002,1
E008_0400V_04.00A_G001_2023_09_07_Study001_Raw Data.mat,4.0047,0.4884,1
E008_0400V_04.00A_G002_2023_09_07_Study001_Raw Data.mat,4.0062,0.9929,1
E008_0400V_04.00A_G003_2023_09_07_Study001_Raw Data.mat,4.007,,0
E008_0400V_04.00A_G004_2023_09_07_Study001_Raw Data.mat,4.0073,0.3534,1
E008_0400V_04.00A_G004_2023_09_07_Study002_Raw Data.mat,4.0073,0.3083,1
E008_0400V_04.00A_G005_2023_09_07_Study001_Raw Data.mat,4.0074,0.5514,1
E008_0400V_04.00A_G005_2023_09_07_Study002_Raw Data.mat,4.0032,0.6485,1
E008_0400V_04.00A_G006_2023_09_07_Study001_Raw Data.mat,4.0069,0.6754,1
E008_0400V_04.00A_G007_2023_09_07_Study001_Raw Data.mat,4.0233,0.3292,1
E008_0400V_04.00A_G008_2023_09_07_Study001_Raw Data.mat,4.0179,0.4168,1
E008_0400V_04.00A_G009_2023_09_07_Study001_Raw Data.mat,4.0123,0.51,1
E008_0400V_04.00A_G009_2023_09_07_Study002_Raw Data.mat,4.0132,0.5594,1
E008_0400V_04.00A_G010_2023_09_07_Study001_Raw Data.mat,4.0103,0.3006,1
E008_0400V_04.00A_G010_2023_09_07_Study002_Raw Data.mat,4.0092,0.282,1
E008_0400V_04.00A_G011_2023_09_07_Study001_Raw Data.mat,4.0101,0.383,1
E008_0400V_04.00A_G011_2023_09_07_Study002_Raw Data.mat,4.0078,0.3446,1
E008_0400V_04.00A_G012_2023_09_07_Study001_Raw Data.mat,4.01,0.4301,1
E008_0400V_04.00A_G013_2023_09_10_Study001_Raw Data.mat,4.0153,0.2829,1
E008_0400V_04.00A_G014_2023_09_10_Study001_Raw Data.mat,4.0152,0.3649,1
E008_0400V_04.00A_G014_2023_09_10_Study002_Raw Data.mat,4.0135,0.2897,1
E008_0400V_04.00A_G015_2023_09_10_Study001_Raw Data.mat,4.0159,0.4355,1
E008_0400V_04.00A_G016_2023_09_10_Study001_Raw Data.mat,4.0157,0.26,1
E008_0400V_04.00A_G016_2023_09_10_Study002_Raw Data.mat,4.0136,0.2624,1
E008_0400V_04.00A_G017_2023_09_10_Study001_Raw Data.mat,4.0162,0.3122,1
E008_0400V_04.00A_G018_2023_09_10_Study001_Raw Data.mat,4.0157,0.3389,1
E008_0400V_04.00A_G019_2023_09_10_Study001_Raw Data.mat,4.0166,0.267,1
E008_0400V_04.00A_G020_2023_09_10_Study001_Raw Data.mat,4.0154,0.3093,1
E008_0400V_04.00A_G021_2023_09_10_Study001_Raw Data.mat,4.0157,0.3388,1
E008_0450V_04.50A_G001_2023_09_10_Study001_Raw Data.mat,4.524,,0
E008_0450V_04.50A_G002_2023_09_10_Study001_Raw Data.mat,4.5245,,0
E008_0450V_04.50A_G002_2023_09_10_Study002_Raw Data.mat,4.5245,,0
E008_0450V_04.50A_G003_2023_09_10_Study001_Raw Data.mat,4.5254,,0
E008_0450V_04.50A_G004_2023_09_10_Study001_Raw Data.mat,4.5248,0.5034,1
E008_0450V_04.50A_G005_2023_09_10_Study001_Raw Data.mat,4.5245,1.0061,1
E008_0450V_04.50A_G005_2023_09_10_Study002_Raw Data.mat,4.5126,,0
E008_0450V_04.50A_G006_2023_09_10_Study001_Raw Data.mat,4.5244,1.8425,1
E008_0450V_04.50A_G006_2023_09_10_Study002_Raw Data.mat,4.5206,1.5558,1
E008_0450V_04.50A_G007_2023_09_10_Study001_Raw Data.mat,4.5252,0.3809,1
E008_0450V_04.50A_G007_2023_09_10_Study002_Raw Data.mat,4.5247,0.3426,1
E008_0450V_04.50A_G008_2023_09_10_Study001_Raw Data.mat,4.5263,0.7813,1
E008_0450V_04.50A_G008_2023_09_10_Study002_Raw Data.mat,4.5284,0.5132,1
E008_0450V_04.50A_G009_2023_09_10_Study001_Raw Data.mat,4.5272,1.5922,1
E008_0450V_04.50A_G009_2023_09_10_Study002_Raw Data.mat,4.5281,0.7307,1
E008_0450V_04.50A_G010_2023_09_10_Study001_Raw Data.mat,4.5266,0.3388,1
E008_0450V_04.50A_G011_2023_09_10_Study001_Raw Data.mat,4.5264,0.5116,1
E008_0450V_04.50A_G011_2023_09_10_Study002_Raw Data.mat,4.5264,0.4947,1
E008_0450V_04.50A_G012_2023_09_10_Study001_Raw Data.mat,4.524,0.8149,1
E008_0450V_04.50A_G012_2023_09_10_Study002_Raw Data.mat,4.5248,0.6543,1
E008_0450V_04.50A_G013_2023_09_10_Study001_Raw Data.mat,4.5252,0.3569,1
E008_0450V_04.50A_G013_2023_09_10_Study002_Raw Data.mat,4.5266,0.3601,1
E008_0450V_04.50A_G014_2023_09_10_Study001_Raw Data.mat,4.5264,0.4339,1
E008_0450V_04.50A_G014_2023_09_10_Study002_Raw Data.mat,4.5261,0.3959,1
E008_0450V_04.50A_G015_2023_09_10_Study001_Raw Data.mat,4.5283,0.5667,1
E008_0450V_04.50A_G015_2023_09_10_Study002_Raw Data.mat,4.5281,0.5013,1
E008_0450V_04.50A_G016_2023_09_10_Study001_Raw Data.mat,4.5271,0.3112,1
E008_0450V_04.50A_G017_2023_09_10_Study001_Raw Data.mat,4.5276,0.4692,1
E008_0450V_04.50A_G017_2023_09_10_Study002_Raw Data.mat,4.5239,0.3394,1
E008_0450V_04.50A_G018_2023_09_10_Study001_Raw Data.mat,4.5274,0.8396,1
E008_0450V_04.50A_G018_2023_09_10_Study002_Raw Data.mat,4.522,0.535,1
E008_0450V_04.50A_G019_2023_09_10_Study001_Raw Data.mat,4.5247,0.3072,1
E008_0450V_04.50A_G020_2023_09_10_Study001_Raw Data.mat,4.5256,0.3969,1
E008_0450V_04.50A_G021_2023_09_10_Study001_Raw Data.mat,4.5242,0.4652,1
E008_0450V_04.50A_G022_2023_09_10_Study001_Raw Data.mat,4.5197,0.3115,1
E008_0450V_04.50A_G023_2023_09_10_Study001_Raw Data.mat,4.5227,0.348,1
E008_0450V_04.50A_G023_2023_09_10_Study002_Raw Data.mat,4.5227,0.2778,1
E008_0450V_04.50A_G024_2023_09_10_Study001_Raw Data.mat,4.524,0.4744,1
E008_0450V_04.50A_G024_2023_09_10_Study002_Raw Data.mat,4.5249,0.3341,1
E008_0500V_05.00A_G001_2023_09_10_Study001_Raw Data.mat,5.0333,,0
E008_0500V_05.00A_G002_2023_09_10_Study001_Raw Data.mat,5.0344,,0
E008_0500V_05.00A_G002_2023_09_10_Study002_Raw Data.mat,5.0346,,0
E008_0500V_05.00A_G003_2023_09_10_Study001_Raw Data.mat,5.0358,,0
E008_0500V_05.00A_G003_2023_09_10_Study002_Raw Data.mat,5.0164,,0
E008_0500V_05.00A_G004_2023_09_10_Study001_Raw Data.mat,5.0342,,0
E008_0500V_05.00A_G005_2023_09_10_Study001_Raw Data.mat,5.0351,,0
E008_0500V_05.00A_G006_2023_09_10_Study001_Raw Data.mat,5.0345,,0
E008_0500V_05.00A_G007_2023_09_10_Study001_Raw Data.mat,5.0261,0.5506,1
E008_0500V_05.00A_G008_2023_09_10_Study001_Raw Data.mat,5.0289,1.0464,1
E008_0500V_05.00A_G009_2023_09_10_Study001_Raw Data.mat,5.0313,1.3868,1
E008_0500V_05.00A_G010_2023_09_10_Study001_Raw Data.mat,5.0288,0.5136,1
E008_0500V_05.00A_G011_2023_09_10_Study001_Raw Data.mat,5.032,0.9048,1
E008_0500V_05.00A_G012_2023_09_10_Study001_Raw Data.mat,5.0302,1.2876,1
E008_0500V_05.00A_G012_2023_09_10_Study002_Raw Data.mat,5.0339,1.152,1
E008_0500V_05.00A_G013_2023_09_10_Study001_Raw Data.mat,5.0358,0.3557,1
E008_0500V_05.00A_G013_2023_09_10_Study002_Raw Data.mat,5.0316,0.3836,1
E008_0500V_05.00A_G014_2023_09_10_Study001_Raw Data.mat,5.034,0.729,1
E008_0500V_05.00A_G015_2023_09_10_Study001_Raw Data.mat,5.0336,0.992,1
E008_0500V_05.00A_G016_2023_09_10_Study001_Raw Data.mat,5.0326,0.3392,1
E008_0500V_05.00A_G016_2023_09_10_Study002_Raw Data.mat,4.8584,1.0201,1
E008_0500V_05.00A_G017_2023_09_10_Study001_Raw Data.mat,5.0359,0.6158,1
E008_0500V_05.00A_G018_2023_09_10_Study001_Raw Data.mat,5.0331,0.876,1
E008_0500V_05.00A_G019_2023_09_10_Study001_Raw Data.mat,5.0347,0.3671,1
E008_0500V_05.00A_G019_2023_09_10_Study002_Raw Data.mat,5.0291,0.3407,1
E008_0500V_05.00A_G020_2023_09_10_Study001_Raw Data.mat,5.0357,0.6129,1
E008_0500V_05.00A_G020_2023_09_10_Study002_Raw Data.mat,5.0377,0.4186,1
E008_0500V_05.00A_G021_2023_09_10_Study001_Raw Data.mat,5.0377,0.7795,1
E008_0500V_05.00A_G021_2023_09_10_Study002_Raw Data.mat,5.0351,0.9217,1
E008_0500V_05.00A_G022_2023_09_10_Study001_Raw Data.mat,5.0362,0.3765,1
E008_0500V_05.00A_G023_2023_09_10_Study001_Raw Data.mat,5.0363,0.4637,1
E008_0500V_05.00A_G024_2023_09_10_Study001_Raw Data.mat,5.0356,0.8153,1
E008_0500V_05.00A_G025_2023_09_10_Study001_Raw Data.mat,5.0341,0.352,1
E008_0500V_05.00A_G025_2023_09_10_Study002_Raw Data.mat,5.0332,0.2854,1
E008_0500V_05.00A_G026_2023_09_10_Study001_Raw Data.mat,5.0337,0.5746,1
E008_0500V_05.00A_G026_2023_09_10_Study002_Raw Data.mat,5.0318,0.4153,1
E008_0500V_05.00A_G027_2023_09_10_Study001_Raw Data.mat,5.0368,0.6184,1
E008_0500V_05.00A_G027_2023_09_10_Study002_Raw Data.mat,5.033,0.3988,1
